"B11001_001E","B11001_001M","B11001_002E","B11001_002M","B11001_003E","B11001_003M","B11001_004E","B11001_004M","B11001_005E","B11001_005M","B11001_006E","B11001_006M","B11001_007E","B11001_007M","B11001_008E","B11001_008M","B11001_009E","B11001_009M","GEO_ID","NAME"
"Estimate!!Total:","Margin of Error!!Total:","Estimate!!Total:!!Family households:","Margin of Error!!Total:!!Family households:","Estimate!!Total:!!Family households:!!Married-couple family","Margin of Error!!Total:!!Family households:!!Married-couple family","Estimate!!Total:!!Family households:!!Other family:","Margin of Error!!Total:!!Family households:!!Other family:","Estimate!!Total:!!Family households:!!Other family:!!Male householder, no spouse present","Margin of Error!!Total:!!Family households:!!Other family:!!Male householder, no spouse present","Estimate!!Total:!!Family households:!!Other family:!!Female householder, no spouse present","Margin of Error!!Total:!!Family households:!!Other family:!!Female householder, no spouse present","Estimate!!Total:!!Nonfamily households:","Margin of Error!!Total:!!Nonfamily households:","Estimate!!Total:!!Nonfamily households:!!Householder living alone","Margin of Error!!Total:!!Nonfamily households:!!Householder living alone","Estimate!!Total:!!Nonfamily households:!!Householder not living alone","Margin of Error!!Total:!!Nonfamily households:!!Householder not living alone","id","Geographic Area Name"
"1332","90","988","77","901","77","87","43","39","30","48","37","344","80","265","71","79","44","1400000US33001965100","Census Tract 9651, Belknap County, New Hampshire"
"1491","128","791","102","547","83","244","82","67","51","177","83","700","143","579","157","121","72","1400000US33001965200","Census Tract 9652, Belknap County, New Hampshire"
"1370","134","972","112","795","117","177","76","30","36","147","72","398","131","340","124","58","41","1400000US33001965300","Census Tract 9653, Belknap County, New Hampshire"
"1119","93","768","85","649","74","119","67","15","17","104","60","351","104","256","97","95","41","1400000US33001965400","Census Tract 9654, Belknap County, New Hampshire"
"1434","109","814","97","638","108","176","77","12","19","164","74","620","136","454","124","166","73","1400000US33001965598","Census Tract 9655.98, Belknap County, New Hampshire"
"1515","120","1004","110","777","122","227","111","84","71","143","98","511","131","421","125","90","57","1400000US33001965600","Census Tract 9656, Belknap County, New Hampshire"
"1753","153","1257","110","1009","119","248","95","90","44","158","90","496","165","404","168","92","51","1400000US33001965700","Census Tract 9657, Belknap County, New Hampshire"
"2998","229","2146","187","1683","203","463","197","46","50","417","192","852","227","666","217","186","121","1400000US33001965800","Census Tract 9658, Belknap County, New Hampshire"
"1747","116","1044","120","769","117","275","109","147","69","128","88","703","143","581","124","122","64","1400000US33001965900","Census Tract 9659, Belknap County, New Hampshire"
"1969","180","1240","159","838","176","402","137","27","32","375","137","729","190","547","187","182","90","1400000US33001966000","Census Tract 9660, Belknap County, New Hampshire"
"1937","148","1072","110","883","107","189","79","28","32","161","78","865","151","625","130","240","117","1400000US33001966100","Census Tract 9661, Belknap County, New Hampshire"
"1280","120","824","109","625","102","199","90","53","39","146","85","456","103","424","97","32","30","1400000US33001966200","Census Tract 9662, Belknap County, New Hampshire"
"659","82","350","52","327","54","23","20","3","6","20","20","309","75","224","61","85","48","1400000US33001966401","Census Tract 9664.01, Belknap County, New Hampshire"
"2373","141","1655","138","1263","188","392","160","103","79","289","147","718","169","574","159","144","103","1400000US33001966402","Census Tract 9664.02, Belknap County, New Hampshire"
"2075","179","1661","130","1435","149","226","136","65","55","161","124","414","155","351","146","63","50","1400000US33001966500","Census Tract 9665, Belknap County, New Hampshire"
"1995","194","925","140","853","144","72","67","48","55","24","38","1070","224","745","221","325","113","1400000US33003955100","Census Tract 9551, Carroll County, New Hampshire"
"2858","250","1641","224","1186","233","455","187","70","64","385","173","1217","289","892","253","325","165","1400000US33003955300","Census Tract 9553, Carroll County, New Hampshire"
"1917","181","1153","173","763","145","390","147","67","51","323","142","764","186","631","164","133","81","1400000US33003955400","Census Tract 9554, Carroll County, New Hampshire"
"1112","102","794","82","699","87","95","38","17","21","78","35","318","94","271","88","47","34","1400000US33003955500","Census Tract 9555, Carroll County, New Hampshire"
"2250","173","1469","124","1196","160","273","115","74","73","199","106","781","182","573","159","208","112","1400000US33003955600","Census Tract 9556, Carroll County, New Hampshire"
"1205","105","887","89","735","78","152","53","51","26","101","43","318","55","289","51","29","17","1400000US33003955800","Census Tract 9558, Carroll County, New Hampshire"
"2011","164","1197","134","914","157","283","117","113","90","170","85","814","199","718","179","96","70","1400000US33003955900","Census Tract 9559, Carroll County, New Hampshire"
"2420","212","1673","172","1621","168","52","52","4","7","48","52","747","207","513","201","234","145","1400000US33003956000","Census Tract 9560, Carroll County, New Hampshire"
"3000","206","2069","169","1637","239","432","189","158","157","274","145","931","251","880","253","51","59","1400000US33003956100","Census Tract 9561, Carroll County, New Hampshire"
"1765","118","1275","107","1046","109","229","83","119","68","110","63","490","116","400","110","90","54","1400000US33003956300","Census Tract 9563, Carroll County, New Hampshire"
"923","104","663","96","613","94","50","29","27","20","23","16","260","84","228","76","32","29","1400000US33003956400","Census Tract 9564, Carroll County, New Hampshire"
"1720","72","1184","89","952","97","232","55","62","27","170","50","536","85","379","67","157","53","1400000US33005970100","Census Tract 9701, Cheshire County, New Hampshire"
"1677","112","1001","96","837","103","164","74","37","27","127","67","676","136","536","133","140","57","1400000US33005970200","Census Tract 9702, Cheshire County, New Hampshire"
"2082","98","1454","73","1283","80","171","39","88","30","83","29","628","86","472","74","156","37","1400000US33005970400","Census Tract 9704, Cheshire County, New Hampshire"
"2107","219","1178","165","945","163","233","83","37","40","196","82","929","227","648","193","281","155","1400000US33005970500","Census Tract 9705, Cheshire County, New Hampshire"
"1762","171","1316","132","1180","131","136","58","67","50","69","33","446","113","366","105","80","46","1400000US33005970600","Census Tract 9706, Cheshire County, New Hampshire"
"1429","79","915","81","801","82","114","42","54","32","60","33","514","77","429","76","85","41","1400000US33005970700","Census Tract 9707, Cheshire County, New Hampshire"
"1757","88","1071","105","804","85","267","75","92","46","175","63","686","123","501","113","185","69","1400000US33005970800","Census Tract 9708, Cheshire County, New Hampshire"
"3089","233","1933","165","1579","221","354","186","78","95","276","166","1156","265","985","268","171","93","1400000US33005970900","Census Tract 9709, Cheshire County, New Hampshire"
"2322","176","1482","150","1156","165","326","143","135","85","191","102","840","192","765","182","75","65","1400000US33005971000","Census Tract 9710, Cheshire County, New Hampshire"
"2300","160","950","174","611","152","339","127","104","76","235","123","1350","229","933","190","417","170","1400000US33005971100","Census Tract 9711, Cheshire County, New Hampshire"
"1541","117","780","102","434","91","346","99","32","25","314","96","761","139","618","119","143","68","1400000US33005971300","Census Tract 9713, Cheshire County, New Hampshire"
"1298","125","410","91","268","68","142","76","81","65","61","43","888","128","659","129","229","81","1400000US33005971401","Census Tract 9714.01, Cheshire County, New Hampshire"
"1731","107","1085","101","861","105","224","75","55","42","169","70","646","117","580","118","66","41","1400000US33005971402","Census Tract 9714.02, Cheshire County, New Hampshire"
"2024","193","1619","153","1520","158","99","55","32","31","67","44","405","120","339","118","66","44","1400000US33005971500","Census Tract 9715, Cheshire County, New Hampshire"
"1643","126","1058","117","822","104","236","101","58","46","178","109","585","168","427","139","158","80","1400000US33005971600","Census Tract 9716, Cheshire County, New Hampshire"
"1659","185","923","115","667","134","256","109","80","63","176","93","736","166","605","168","131","66","1400000US33005971700","Census Tract 9717, Cheshire County, New Hampshire"
"982","73","561","67","493","61","68","33","25","17","43","26","421","73","333","72","88","41","1400000US33007950100","Census Tract 9501, Coos County, New Hampshire"
"1270","87","692","69","584","62","108","44","5","5","103","44","578","91","479","86","99","46","1400000US33007950200","Census Tract 9502, Coos County, New Hampshire"
"850","61","583","39","483","41","100","35","20","13","80","31","267","54","187","36","80","41","1400000US33007950300","Census Tract 9503, Coos County, New Hampshire"
"1494","76","916","85","689","82","227","62","104","51","123","44","578","76","412","74","166","50","1400000US33007950400","Census Tract 9504, Coos County, New Hampshire"
"1366","149","836","80","647","96","189","73","66","49","123","62","530","142","441","127","89","50","1400000US33007950500","Census Tract 9505, Coos County, New Hampshire"
"1447","147","768","106","548","101","220","77","50","40","170","82","679","158","608","139","71","55","1400000US33007950600","Census Tract 9506, Coos County, New Hampshire"
"1325","105","792","101","659","108","133","77","35","38","98","64","533","115","491","108","42","34","1400000US33007950700","Census Tract 9507, Coos County, New Hampshire"
"1205","118","676","130","379","92","297","125","175","102","122","67","529","130","432","105","97","85","1400000US33007950800","Census Tract 9508, Coos County, New Hampshire"
"1443","106","930","74","791","72","139","49","62","34","77","39","513","111","497","112","16","16","1400000US33007950900","Census Tract 9509, Coos County, New Hampshire"
"916","79","614","70","545","65","69","26","19","13","50","22","302","59","258","59","44","14","1400000US33007951000","Census Tract 9510, Coos County, New Hampshire"
"1470","117","883","88","738","83","145","60","19","17","126","55","587","101","480","92","107","47","1400000US33007951100","Census Tract 9511, Coos County, New Hampshire"
"2891","224","1507","158","919","190","588","172","206","144","382","139","1384","279","1300","277","84","58","1400000US33009960100","Census Tract 9601, Grafton County, New Hampshire"
"1801","130","1151","95","986","95","165","53","72","39","93","37","650","112","526","109","124","49","1400000US33009960200","Census Tract 9602, Grafton County, New Hampshire"
"2012","117","1370","89","1171","88","199","46","94","36","105","30","642","80","536","77","106","31","1400000US33009960300","Census Tract 9603, Grafton County, New Hampshire"
"1506","126","1006","95","848","96","158","48","73","35","85","39","500","111","399","103","101","42","1400000US33009960400","Census Tract 9604, Grafton County, New Hampshire"
"971","94","551","63","484","63","67","21","23","11","44","17","420","68","329","64","91","34","1400000US33009960500","Census Tract 9605, Grafton County, New Hampshire"
"1754","148","1111","124","834","158","277","123","110","69","167","109","643","185","558","168","85","51","1400000US33009960600","Census Tract 9606, Grafton County, New Hampshire"
"1174","68","797","60","715","59","82","29","26","13","56","25","377","61","311","52","66","28","1400000US33009960700","Census Tract 9607, Grafton County, New Hampshire"
"1976","228","1096","103","886","123","210","85","43","41","167","77","880","206","720","187","160","67","1400000US33009960800","Census Tract 9608, Grafton County, New Hampshire"
"1291","74","887","61","807","59","80","25","41","17","39","19","404","44","318","47","86","29","1400000US33009960900","Census Tract 9609, Grafton County, New Hampshire"
"2147","233","1344","163","827","175","517","190","184","152","333","176","803","258","662","235","141","106","1400000US33009961000","Census Tract 9610, Grafton County, New Hampshire"
"1638","133","1087","133","854","130","233","82","35","29","198","75","551","118","443","107","108","47","1400000US33009961100","Census Tract 9611, Grafton County, New Hampshire"
"1765","155","1048","109","843","112","205","62","59","41","146","54","717","149","574","141","143","59","1400000US33009961200","Census Tract 9612, Grafton County, New Hampshire"
"1365","77","935","64","818","72","117","36","47","29","70","25","430","69","297","60","133","33","1400000US33009961300","Census Tract 9613, Grafton County, New Hampshire"
"1487","174","974","93","824","115","150","75","48","48","102","52","513","168","418","151","95","73","1400000US33009961400","Census Tract 9614, Grafton County, New Hampshire"
"2027","197","1263","124","1060","172","203","106","122","98","81","53","764","220","656","206","108","73","1400000US33009961500","Census Tract 9615, Grafton County, New Hampshire"
"980","122","744","116","638","109","106","66","15","22","91","63","236","89","137","67","99","76","1400000US33009961601","Census Tract 9616.01, Grafton County, New Hampshire"
"1859","201","1020","128","901","111","119","90","12","19","107","90","839","183","647","165","192","110","1400000US33009961602","Census Tract 9616.02, Grafton County, New Hampshire"
"3599","245","1750","214","1321","179","429","170","111","95","318","139","1849","261","1488","232","361","153","1400000US33009961700","Census Tract 9617, Grafton County, New Hampshire"
"2484","164","1398","177","1086","143","312","149","95","64","217","131","1086","200","959","207","127","85","1400000US33009961800","Census Tract 9618, Grafton County, New Hampshire"
"1252","69","738","86","600","100","138","73","26","23","112","69","514","107","393","102","121","64","1400000US33011000101","Census Tract 1.01, Hillsborough County, New Hampshire"
"1850","106","1148","103","971","108","177","69","50","31","127","61","702","124","346","86","356","112","1400000US33011000102","Census Tract 1.02, Hillsborough County, New Hampshire"
"921","54","672","66","365","68","307","84","149","74","158","67","249","57","176","43","73","36","1400000US33011000202","Census Tract 2.02, Hillsborough County, New Hampshire"
"1846","112","559","119","323","93","236","89","38","33","198","83","1287","138","823","123","464","118","1400000US33011000203","Census Tract 2.03, Hillsborough County, New Hampshire"
"2453","150","1194","162","985","148","209","102","46","43","163","93","1259","172","842","169","417","141","1400000US33011000204","Census Tract 2.04, Hillsborough County, New Hampshire"
"1305","99","764","125","430","110","334","108","119","75","215","120","541","128","386","103","155","97","1400000US33011000300","Census Tract 3, Hillsborough County, New Hampshire"
"1077","95","380","87","247","77","133","52","32","40","101","41","697","111","487","102","210","89","1400000US33011000600","Census Tract 6, Hillsborough County, New Hampshire"
"1250","69","760","71","659","73","101","59","0","11","101","59","490","95","364","94","126","68","1400000US33011000700","Census Tract 7, Hillsborough County, New Hampshire"
"903","67","383","77","196","57","187","67","51","39","136","57","520","74","336","60","184","60","1400000US33011000800","Census Tract 8, Hillsborough County, New Hampshire"
"1490","62","904","115","595","122","309","108","129","75","180","84","586","109","441","101","145","63","1400000US33011000901","Census Tract 9.01, Hillsborough County, New Hampshire"
"2326","108","1403","189","1011","200","392","159","160","104","232","133","923","154","552","146","371","127","1400000US33011000902","Census Tract 9.02, Hillsborough County, New Hampshire"
"2502","95","1532","151","1080","165","452","141","133","99","319","127","970","156","703","180","267","117","1400000US33011001000","Census Tract 10, Hillsborough County, New Hampshire"
"2020","157","1351","187","955","146","396","176","277","162","119","75","669","155","438","132","231","124","1400000US33011001100","Census Tract 11, Hillsborough County, New Hampshire"
"727","66","405","51","238","46","167","55","77","53","90","31","322","68","251","52","71","35","1400000US33011001200","Census Tract 12, Hillsborough County, New Hampshire"
"1368","100","609","106","445","88","164","81","71","51","93","65","759","120","494","115","265","93","1400000US33011001300","Census Tract 13, Hillsborough County, New Hampshire"
"963","66","348","78","149","71","199","78","68","54","131","65","615","94","531","92","84","60","1400000US33011001400","Census Tract 14, Hillsborough County, New Hampshire"
"990","70","649","84","338","85","311","62","67","42","244","54","341","73","223","67","118","56","1400000US33011001500","Census Tract 15, Hillsborough County, New Hampshire"
"1462","122","988","111","566","122","422","112","152","64","270","98","474","129","383","124","91","47","1400000US33011001600","Census Tract 16, Hillsborough County, New Hampshire"
"971","84","420","95","220","72","200","75","54","52","146","63","551","117","407","95","144","82","1400000US33011001700","Census Tract 17, Hillsborough County, New Hampshire"
"2332","129","1461","194","854","159","607","208","224","89","383","198","871","219","606","208","265","137","1400000US33011001800","Census Tract 18, Hillsborough County, New Hampshire"
"1240","95","711","157","382","145","329","116","80","60","249","108","529","159","322","97","207","134","1400000US33011001900","Census Tract 19, Hillsborough County, New Hampshire"
"859","87","516","92","269","74","247","76","63","54","184","57","343","72","261","58","82","43","1400000US33011002000","Census Tract 20, Hillsborough County, New Hampshire"
"2060","113","1169","129","681","132","488","130","165","100","323","111","891","110","713","119","178","74","1400000US33011002100","Census Tract 21, Hillsborough County, New Hampshire"
"1409","94","792","113","545","110","247","109","101","76","146","81","617","108","483","100","134","79","1400000US33011002200","Census Tract 22, Hillsborough County, New Hampshire"
"1563","125","875","112","575","106","300","97","134","85","166","57","688","134","451","111","237","98","1400000US33011002300","Census Tract 23, Hillsborough County, New Hampshire"
"2984","125","1934","217","1233","189","701","216","208","121","493","175","1050","218","771","196","279","129","1400000US33011002400","Census Tract 24, Hillsborough County, New Hampshire"
"2120","155","1216","200","834","168","382","168","180","104","202","120","904","184","737","183","167","85","1400000US33011002500","Census Tract 25, Hillsborough County, New Hampshire"
"2156","84","1495","135","1302","177","193","107","34","43","159","98","661","151","518","139","143","77","1400000US33011002600","Census Tract 26, Hillsborough County, New Hampshire"
"1373","103","1013","84","915","93","98","53","33","38","65","34","360","97","315","93","45","33","1400000US33011002701","Census Tract 27.01, Hillsborough County, New Hampshire"
"2376","109","1583","168","1386","173","197","85","110","70","87","53","793","181","542","138","251","148","1400000US33011002702","Census Tract 27.02, Hillsborough County, New Hampshire"
"2366","115","1806","140","1233","168","573","164","149","86","424","178","560","150","429","137","131","73","1400000US33011002800","Census Tract 28, Hillsborough County, New Hampshire"
"2890","147","2235","183","1828","188","407","127","96","62","311","128","655","156","545","149","110","64","1400000US33011002901","Census Tract 29.01, Hillsborough County, New Hampshire"
"2331","136","1746","115","1513","151","233","95","103","70","130","72","585","147","550","142","35","32","1400000US33011002902","Census Tract 29.02, Hillsborough County, New Hampshire"
"2592","90","2429","112","2139","145","290","119","125","97","165","96","163","78","135","70","28","32","1400000US33011002903","Census Tract 29.03, Hillsborough County, New Hampshire"
"2064","81","1449","129","1091","135","358","127","56","45","302","120","615","127","433","114","182","77","1400000US33011010100","Census Tract 101, Hillsborough County, New Hampshire"
"3227","96","1961","175","1333","207","628","176","117","72","511","170","1266","183","981","164","285","108","1400000US33011010200","Census Tract 102, Hillsborough County, New Hampshire"
"1940","51","1314","100","1099","104","215","81","91","67","124","52","626","82","504","80","122","47","1400000US33011010301","Census Tract 103.01, Hillsborough County, New Hampshire"
"1810","90","1147","113","920","138","227","93","110","78","117","61","663","97","444","100","219","79","1400000US33011010302","Census Tract 103.02, Hillsborough County, New Hampshire"
"2056","86","1234","177","996","165","238","113","56","46","182","104","822","189","702","164","120","80","1400000US33011010400","Census Tract 104, Hillsborough County, New Hampshire"
"1764","137","938","136","464","119","474","149","116","84","358","134","826","152","670","132","156","79","1400000US33011010500","Census Tract 105, Hillsborough County, New Hampshire"
"2501","150","1119","203","661","187","458","134","144","119","314","118","1382","216","1097","219","285","132","1400000US33011010600","Census Tract 106, Hillsborough County, New Hampshire"
"878","59","241","54","135","52","106","42","35","30","71","38","637","80","550","72","87","51","1400000US33011010700","Census Tract 107, Hillsborough County, New Hampshire"
"2997","160","1539","215","780","195","759","195","182","136","577","166","1458","241","1127","260","331","177","1400000US33011010800","Census Tract 108, Hillsborough County, New Hampshire"
"2287","124","1683","138","1298","184","385","141","66","74","319","129","604","139","515","136","89","57","1400000US33011010900","Census Tract 109, Hillsborough County, New Hampshire"
"1772","65","1268","117","955","133","313","114","46","38","267","114","504","106","378","95","126","57","1400000US33011011000","Census Tract 110, Hillsborough County, New Hampshire"
"1770","89","629","110","533","102","96","57","24","29","72","49","1141","127","799","123","342","106","1400000US33011011101","Census Tract 111.01, Hillsborough County, New Hampshire"
"1817","97","823","129","617","127","206","86","120","78","86","40","994","125","780","123","214","72","1400000US33011011102","Census Tract 111.02, Hillsborough County, New Hampshire"
"2985","121","1931","137","1635","155","296","126","90","63","206","106","1054","178","834","152","220","139","1400000US33011011200","Census Tract 112, Hillsborough County, New Hampshire"
"1482","56","1200","83","1015","88","185","71","68","59","117","45","282","80","210","74","72","40","1400000US33011011300","Census Tract 113, Hillsborough County, New Hampshire"
"2199","87","1432","127","1259","144","173","81","68","56","105","65","767","135","686","135","81","58","1400000US33011011401","Census Tract 114.01, Hillsborough County, New Hampshire"
"1909","62","1400","107","1138","115","262","107","122","74","140","72","509","99","359","91","150","81","1400000US33011011402","Census Tract 114.02, Hillsborough County, New Hampshire"
"1076","45","663","70","515","83","148","62","30","29","118","54","413","82","320","73","93","47","1400000US33011011500","Census Tract 115, Hillsborough County, New Hampshire"
"3101","130","2391","232","2055","226","336","161","135","97","201","113","710","204","422","137","288","143","1400000US33011012100","Census Tract 121, Hillsborough County, New Hampshire"
"3008","148","1925","183","1445","188","480","172","194","112","286","127","1083","228","926","219","157","85","1400000US33011012200","Census Tract 122, Hillsborough County, New Hampshire"
"3105","143","2468","177","2031","167","437","161","214","151","223","95","637","150","435","120","202","119","1400000US33011012300","Census Tract 123, Hillsborough County, New Hampshire"
"3060","117","2402","124","2171","160","231","91","155","80","76","55","658","170","545","161","113","102","1400000US33011013100","Census Tract 131, Hillsborough County, New Hampshire"
"2820","97","1382","151","946","172","436","146","86","81","350","139","1438","193","1070","194","368","125","1400000US33011014100","Census Tract 141, Hillsborough County, New Hampshire"
"2075","62","1664","115","1390","142","274","97","92","52","182","102","411","112","270","92","141","68","1400000US33011014201","Census Tract 142.01, Hillsborough County, New Hampshire"
"2276","90","1806","144","1314","154","492","165","143","89","349","120","470","133","368","138","102","85","1400000US33011014202","Census Tract 142.02, Hillsborough County, New Hampshire"
"2822","69","2320","139","2160","158","160","85","33","38","127","79","502","145","421","132","81","65","1400000US33011014300","Census Tract 143, Hillsborough County, New Hampshire"
"1925","92","1651","94","1454","92","197","69","60","34","137","69","274","88","231","84","43","37","1400000US33011015100","Census Tract 151, Hillsborough County, New Hampshire"
"2204","105","1737","113","1582","134","155","81","70","54","85","63","467","134","356","128","111","85","1400000US33011015200","Census Tract 152, Hillsborough County, New Hampshire"
"1301","79","906","90","688","104","218","92","106","61","112","79","395","103","360","99","35","29","1400000US33011016100","Census Tract 161, Hillsborough County, New Hampshire"
"3115","184","1669","193","1166","161","503","168","77","67","426","144","1446","249","1014","221","432","142","1400000US33011016201","Census Tract 162.01, Hillsborough County, New Hampshire"
"1900","95","1545","117","1283","142","262","95","92","65","170","74","355","103","287","92","68","50","1400000US33011016202","Census Tract 162.02, Hillsborough County, New Hampshire"
"2968","131","2399","118","2174","147","225","128","32","39","193","129","569","156","467","147","102","67","1400000US33011017100","Census Tract 171, Hillsborough County, New Hampshire"
"1736","70","1559","73","1371","89","188","65","55","34","133","60","177","62","142","60","35","27","1400000US33011018000","Census Tract 180, Hillsborough County, New Hampshire"
"872","77","524","90","419","89","105","56","35","37","70","42","348","84","269","73","79","53","1400000US33011018501","Census Tract 185.01, Hillsborough County, New Hampshire"
"599","38","422","39","371","40","51","19","23","17","28","14","177","35","138","35","39","17","1400000US33011018502","Census Tract 185.02, Hillsborough County, New Hampshire"
"1586","112","961","92","882","98","79","51","17","21","62","47","625","153","356","127","269","115","1400000US33011019000","Census Tract 190, Hillsborough County, New Hampshire"
"687","55","521","57","458","53","63","25","8","7","55","22","166","42","109","34","57","23","1400000US33011019501","Census Tract 195.01, Hillsborough County, New Hampshire"
"909","55","776","49","656","68","120","49","37","27","83","40","133","52","124","50","9","12","1400000US33011019502","Census Tract 195.02, Hillsborough County, New Hampshire"
"1964","120","1606","111","1339","120","267","120","110","91","157","107","358","115","227","90","131","74","1400000US33011020000","Census Tract 200, Hillsborough County, New Hampshire"
"3129","158","2481","159","2007","216","474","169","156","88","318","142","648","195","421","150","227","100","1400000US33011021000","Census Tract 210, Hillsborough County, New Hampshire"
"2020","97","1411","94","1188","90","223","57","93","34","130","44","609","90","467","81","142","51","1400000US33011021500","Census Tract 215, Hillsborough County, New Hampshire"
"696","51","516","53","375","47","141","48","82","35","59","31","180","50","151","45","29","19","1400000US33011022000","Census Tract 220, Hillsborough County, New Hampshire"
"2533","144","1829","129","1519","148","310","129","117","94","193","94","704","176","484","145","220","117","1400000US33011022500","Census Tract 225, Hillsborough County, New Hampshire"
"3019","244","1863","167","1458","199","405","124","119","89","286","112","1156","290","1016","283","140","107","1400000US33011023000","Census Tract 230, Hillsborough County, New Hampshire"
"781","55","504","56","457","58","47","23","17","12","30","17","277","59","233","56","44","32","1400000US33011024000","Census Tract 240, Hillsborough County, New Hampshire"
"993","87","713","68","563","76","150","48","39","35","111","44","280","81","199","67","81","38","1400000US33011025000","Census Tract 250, Hillsborough County, New Hampshire"
"2400","201","1736","160","1387","159","349","171","167","118","182","116","664","194","488","167","176","110","1400000US33011025500","Census Tract 255, Hillsborough County, New Hampshire"
"1707","96","1325","105","1148","104","177","73","87","61","90","48","382","108","288","90","94","65","1400000US33011200100","Census Tract 2001, Hillsborough County, New Hampshire"
"1577","118","1241","117","1091","113","150","73","14","16","136","73","336","145","291","144","45","40","1400000US33011200200","Census Tract 2002, Hillsborough County, New Hampshire"
"1548","106","1264","93","1140","99","124","64","58","49","66","40","284","113","224","99","60","46","1400000US33011200300","Census Tract 2003, Hillsborough County, New Hampshire"
"1789","129","493","154","227","84","266","143","132","95","134","92","1296","151","1078","158","218","79","1400000US33011200400","Census Tract 2004, Hillsborough County, New Hampshire"
"0","11","0","11","0","11","0","11","0","11","0","11","0","11","0","11","0","11","1400000US33011980101","Census Tract 9801.01, Hillsborough County, New Hampshire"
"1481","76","1122","99","912","110","210","71","75","47","135","53","359","100","212","76","147","77","1400000US33013003001","Census Tract 30.01, Merrimack County, New Hampshire"
"1311","78","907","100","844","93","63","41","41","29","22","23","404","105","236","72","168","80","1400000US33013003006","Census Tract 30.06, Merrimack County, New Hampshire"
"1788","107","1160","82","866","108","294","84","66","57","228","67","628","124","544","118","84","51","1400000US33013003100","Census Tract 31, Merrimack County, New Hampshire"
"2690","164","1976","170","1450","171","526","166","166","103","360","140","714","150","448","160","266","123","1400000US33013003200","Census Tract 32, Merrimack County, New Hampshire"
"938","45","801","37","746","45","55","29","25","18","30","22","137","42","93","32","44","24","1400000US33013030000","Census Tract 300, Merrimack County, New Hampshire"
"1349","68","1188","65","1056","80","132","63","54","37","78","50","161","63","125","57","36","30","1400000US33013031001","Census Tract 310.01, Merrimack County, New Hampshire"
"1366","78","1085","73","1054","75","31","27","0","11","31","27","281","66","281","66","0","11","1400000US33013031002","Census Tract 310.02, Merrimack County, New Hampshire"
"1454","75","989","88","818","85","171","74","6","9","165","73","465","90","306","78","159","65","1400000US33013032100","Census Tract 321, Merrimack County, New Hampshire"
"1262","97","523","88","262","83","261","81","102","53","159","78","739","107","582","106","157","74","1400000US33013032200","Census Tract 322, Merrimack County, New Hampshire"
"860","75","328","58","212","57","116","37","12","13","104","34","532","81","343","71","189","65","1400000US33013032300","Census Tract 323, Merrimack County, New Hampshire"
"1644","95","608","97","439","97","169","76","8","12","161","75","1036","114","851","123","185","79","1400000US33013032400","Census Tract 324, Merrimack County, New Hampshire"
"1323","101","1008","97","832","109","176","84","64","64","112","66","315","97","289","95","26","27","1400000US33013032500","Census Tract 325, Merrimack County, New Hampshire"
"954","86","582","90","493","71","89","59","62","50","27","25","372","94","294","77","78","52","1400000US33013032600","Census Tract 326, Merrimack County, New Hampshire"
"544","58","420","52","286","61","134","51","87","46","47","21","124","41","102","35","22","16","1400000US33013032701","Census Tract 327.01, Merrimack County, New Hampshire"
"1525","74","1049","86","797","99","252","75","63","41","189","68","476","94","343","88","133","61","1400000US33013032706","Census Tract 327.06, Merrimack County, New Hampshire"
"1980","142","1458","129","1260","140","198","105","18","27","180","100","522","123","384","125","138","95","1400000US33013032800","Census Tract 328, Merrimack County, New Hampshire"
"2237","129","1137","173","668","124","469","153","40","54","429","154","1100","141","969","153","131","80","1400000US33013032900","Census Tract 329, Merrimack County, New Hampshire"
"969","55","776","46","647","53","129","46","41","27","88","50","193","60","128","55","65","40","1400000US33013033000","Census Tract 330, Merrimack County, New Hampshire"
"1787","124","1301","112","1084","116","217","77","82","56","135","59","486","125","313","101","173","65","1400000US33013034000","Census Tract 340, Merrimack County, New Hampshire"
"1675","159","993","110","795","159","198","100","126","85","72","52","682","161","553","157","129","72","1400000US33013035000","Census Tract 350, Merrimack County, New Hampshire"
"2050","174","1515","148","1393","137","122","93","55","54","67","72","535","149","367","135","168","103","1400000US33013036000","Census Tract 360, Merrimack County, New Hampshire"
"970","60","617","61","531","67","86","34","39","25","47","25","353","63","312","63","41","26","1400000US33013037000","Census Tract 370, Merrimack County, New Hampshire"
"1374","112","847","104","677","105","170","88","50","35","120","86","527","125","360","107","167","83","1400000US33013038000","Census Tract 380, Merrimack County, New Hampshire"
"1904","129","1307","116","1054","106","253","68","89","34","164","59","597","98","447","90","150","59","1400000US33013038500","Census Tract 385, Merrimack County, New Hampshire"
"2193","126","1715","125","1450","147","265","135","66","54","199","131","478","140","346","116","132","92","1400000US33013039000","Census Tract 390, Merrimack County, New Hampshire"
"1805","127","1184","113","924","122","260","109","124","87","136","72","621","153","455","139","166","100","1400000US33013040000","Census Tract 400, Merrimack County, New Hampshire"
"2326","98","1642","95","1418","97","224","57","58","37","166","48","684","92","550","86","134","49","1400000US33013040500","Census Tract 405, Merrimack County, New Hampshire"
"1551","161","953","86","846","97","107","59","31","32","76","47","598","157","535","140","63","41","1400000US33013041000","Census Tract 410, Merrimack County, New Hampshire"
"1558","82","1057","81","903","84","154","38","66","24","88","37","501","78","387","73","114","39","1400000US33013041500","Census Tract 415, Merrimack County, New Hampshire"
"1608","71","1150","83","981","88","169","57","78","32","91","51","458","90","327","86","131","54","1400000US33013042500","Census Tract 425, Merrimack County, New Hampshire"
"1841","146","1037","101","676","113","361","98","64","47","297","89","804","163","647","167","157","78","1400000US33013043001","Census Tract 430.01, Merrimack County, New Hampshire"
"2068","163","1208","145","916","109","292","123","64","42","228","119","860","190","708","189","152","75","1400000US33013043002","Census Tract 430.02, Merrimack County, New Hampshire"
"1860","118","1365","120","883","105","482","110","243","118","239","95","495","133","415","126","80","57","1400000US33013044000","Census Tract 440, Merrimack County, New Hampshire"
"1722","95","963","110","737","113","226","58","78","53","148","59","759","95","640","101","119","65","1400000US33013044100","Census Tract 441, Merrimack County, New Hampshire"
"2460","124","1659","140","1464","159","195","79","70","51","125","68","801","155","541","166","260","131","1400000US33013044200","Census Tract 442, Merrimack County, New Hampshire"
"2025","89","1148","113","857","113","291","96","126","56","165","72","877","118","686","113","191","81","1400000US33013044300","Census Tract 443, Merrimack County, New Hampshire"
"1557","78","1336","90","1015","117","321","104","150","70","171","76","221","75","174","60","47","50","1400000US33015003301","Census Tract 33.01, Rockingham County, New Hampshire"
"1816","110","1354","108","1045","96","309","104","67","43","242","95","462","94","311","92","151","55","1400000US33015003302","Census Tract 33.02, Rockingham County, New Hampshire"
"2380","139","1407","162","853","166","554","142","114","87","440","125","973","187","853","173","120","91","1400000US33015003400","Census Tract 34, Rockingham County, New Hampshire"
"2548","187","1313","157","768","152","545","167","56","59","489","161","1235","221","811","195","424","139","1400000US33015003500","Census Tract 35, Rockingham County, New Hampshire"
"2435","147","1877","188","1524","177","353","158","41","40","312","154","558","160","400","129","158","122","1400000US33015003601","Census Tract 36.01, Rockingham County, New Hampshire"
"2005","92","1722","114","1466","147","256","95","87","55","169","82","283","84","185","67","98","54","1400000US33015003602","Census Tract 36.02, Rockingham County, New Hampshire"
"1536","79","1185","116","849","126","336","113","102","77","234","93","351","94","292","89","59","52","1400000US33015003701","Census Tract 37.01, Rockingham County, New Hampshire"
"2137","114","1607","154","1288","161","319","133","81","83","238","104","530","136","398","118","132","79","1400000US33015003703","Census Tract 37.03, Rockingham County, New Hampshire"
"1325","50","1166","70","1068","74","98","66","0","11","98","66","159","66","108","52","51","39","1400000US33015003801","Census Tract 38.01, Rockingham County, New Hampshire"
"1449","61","1221","84","1113","93","108","60","58","49","50","34","228","79","185","74","43","30","1400000US33015003802","Census Tract 38.02, Rockingham County, New Hampshire"
"1712","85","1333","115","1003","109","330","119","109","69","221","103","379","102","336","99","43","35","1400000US33015003901","Census Tract 39.01, Rockingham County, New Hampshire"
"1179","49","906","80","709","105","197","85","94","54","103","69","273","69","233","64","40","34","1400000US33015003902","Census Tract 39.02, Rockingham County, New Hampshire"
"1973","91","1655","103","1406","127","249","80","152","66","97","52","318","106","256","98","62","48","1400000US33015004000","Census Tract 40, Rockingham County, New Hampshire"
"1537","80","1118","85","995","87","123","72","76","55","47","46","419","113","306","93","113","64","1400000US33015050000","Census Tract 500, Rockingham County, New Hampshire"
"1687","101","1474","95","1270","101","204","67","104","49","100","46","213","94","144","79","69","49","1400000US33015051000","Census Tract 510, Rockingham County, New Hampshire"
"2229","137","1674","110","1448","126","226","111","125","93","101","67","555","130","349","130","206","109","1400000US33015052000","Census Tract 520, Rockingham County, New Hampshire"
"1685","93","1330","86","1099","115","231","95","108","66","123","88","355","99","246","93","109","72","1400000US33015053000","Census Tract 530, Rockingham County, New Hampshire"
"1764","77","1351","98","1242","103","109","57","27","28","82","51","413","92","267","89","146","67","1400000US33015054000","Census Tract 540, Rockingham County, New Hampshire"
"2261","133","1755","140","1432","188","323","131","78","59","245","119","506","159","346","126","160","79","1400000US33015055001","Census Tract 550.01, Rockingham County, New Hampshire"
"1851","130","1061","137","744","113","317","118","89","81","228","98","790","145","519","122","271","126","1400000US33015055002","Census Tract 550.02, Rockingham County, New Hampshire"
"1653","86","1290","78","1118","103","172","82","33","30","139","71","363","104","210","95","153","63","1400000US33015056000","Census Tract 560, Rockingham County, New Hampshire"
"1611","107","1170","98","1031","101","139","54","63","41","76","45","441","111","289","88","152","79","1400000US33015057000","Census Tract 570, Rockingham County, New Hampshire"
"1900","108","1447","97","1282","117","165","82","48","44","117","67","453","144","332","128","121","60","1400000US33015058000","Census Tract 580, Rockingham County, New Hampshire"
"2680","155","2034","136","1709","192","325","136","96","94","229","89","646","174","495","156","151","97","1400000US33015059000","Census Tract 590, Rockingham County, New Hampshire"
"1533","82","1245","70","1137","86","108","50","36","31","72","43","288","83","247","81","41","31","1400000US33015060000","Census Tract 600, Rockingham County, New Hampshire"
"2764","143","1706","156","1440","187","266","105","64","56","202","88","1058","183","756","169","302","128","1400000US33015061001","Census Tract 610.01, Rockingham County, New Hampshire"
"888","65","716","54","635","52","81","34","45","33","36","24","172","49","155","48","17","14","1400000US33015062000","Census Tract 620, Rockingham County, New Hampshire"
"1147","75","893","63","770","67","123","33","63","25","60","20","254","46","190","41","64","23","1400000US33015062500","Census Tract 625, Rockingham County, New Hampshire"
"1648","127","993","112","785","122","208","80","47","43","161","70","655","134","512","121","143","57","1400000US33015063001","Census Tract 630.01, Rockingham County, New Hampshire"
"2176","156","1483","159","1083","197","400","162","158","104","242","122","693","206","587","190","106","88","1400000US33015063002","Census Tract 630.02, Rockingham County, New Hampshire"
"909","54","676","65","595","61","81","41","23","23","58","32","233","64","152","62","81","39","1400000US33015064000","Census Tract 640, Rockingham County, New Hampshire"
"3387","147","2285","171","1876","187","409","126","139","65","270","111","1102","185","914","171","188","95","1400000US33015065001","Census Tract 650.01, Rockingham County, New Hampshire"
"1221","116","746","100","651","102","95","50","38","33","57","35","475","123","371","113","104","75","1400000US33015065005","Census Tract 650.05, Rockingham County, New Hampshire"
"727","64","451","50","407","56","44","25","14","12","30","23","276","61","236","51","40","41","1400000US33015065006","Census Tract 650.06, Rockingham County, New Hampshire"
"830","82","357","60","317","53","40","34","16","16","24","30","473","96","396","93","77","43","1400000US33015065007","Census Tract 650.07, Rockingham County, New Hampshire"
"923","116","488","98","343","77","145","69","60","46","85","51","435","98","321","82","114","58","1400000US33015065008","Census Tract 650.08, Rockingham County, New Hampshire"
"1820","118","1376","99","1069","116","307","110","69","58","238","100","444","114","378","108","66","37","1400000US33015066000","Census Tract 660, Rockingham County, New Hampshire"
"2817","137","2233","115","2012","161","221","127","117","107","104","71","584","150","480","129","104","66","1400000US33015067000","Census Tract 670, Rockingham County, New Hampshire"
"2957","144","1878","143","1621","144","257","86","154","77","103","49","1079","182","746","175","333","137","1400000US33015067501","Census Tract 675.01, Rockingham County, New Hampshire"
"1678","110","795","98","590","98","205","84","86","60","119","65","883","129","536","124","347","99","1400000US33015067502","Census Tract 675.02, Rockingham County, New Hampshire"
"2174","146","766","112","666","110","100","61","75","55","25","27","1408","166","1089","190","319","122","1400000US33015069100","Census Tract 691, Rockingham County, New Hampshire"
"1464","96","509","93","437","90","72","31","31","22","41","28","955","117","624","132","331","106","1400000US33015069200","Census Tract 692, Rockingham County, New Hampshire"
"1042","82","509","87","463","91","46","33","8","13","38","30","533","113","354","103","179","80","1400000US33015069300","Census Tract 693, Rockingham County, New Hampshire"
"1395","110","828","96","725","93","103","43","42","28","61","32","567","100","358","81","209","83","1400000US33015069700","Census Tract 697, Rockingham County, New Hampshire"
"2364","153","1595","133","1366","141","229","93","115","85","114","71","769","215","583","194","186","130","1400000US33015071000","Census Tract 710, Rockingham County, New Hampshire"
"2496","133","1641","165","1548","174","93","62","17","27","76","57","855","167","820","166","35","40","1400000US33015100100","Census Tract 1001, Rockingham County, New Hampshire"
"2161","103","1667","130","1324","174","343","127","34","43","309","124","494","120","405","113","89","64","1400000US33015100200","Census Tract 1002, Rockingham County, New Hampshire"
"1753","103","1209","131","967","146","242","84","114","53","128","64","544","121","352","107","192","93","1400000US33015100301","Census Tract 1003.01, Rockingham County, New Hampshire"
"1862","112","1258","146","1062","140","196","95","74","70","122","67","604","154","530","146","74","41","1400000US33015100302","Census Tract 1003.02, Rockingham County, New Hampshire"
"3264","150","2097","210","1557","192","540","166","138","99","402","141","1167","204","1040","209","127","77","1400000US33015100400","Census Tract 1004, Rockingham County, New Hampshire"
"3119","164","2155","157","1591","231","564","181","157","102","407","190","964","224","774","204","190","107","1400000US33015101100","Census Tract 1011, Rockingham County, New Hampshire"
"1853","107","1358","86","1098","107","260","93","145","75","115","54","495","121","355","103","140","58","1400000US33015102100","Census Tract 1021, Rockingham County, New Hampshire"
"2745","185","1994","146","1781","164","213","101","105","67","108","71","751","187","623","185","128","92","1400000US33015103100","Census Tract 1031, Rockingham County, New Hampshire"
"2042","99","1301","137","930","115","371","136","267","133","104","57","741","170","595","167","146","75","1400000US33015104101","Census Tract 1041.01, Rockingham County, New Hampshire"
"1531","86","1114","90","921","107","193","78","67","48","126","70","417","97","351","102","66","58","1400000US33015104102","Census Tract 1041.02, Rockingham County, New Hampshire"
"2411","198","1623","136","1224","153","399","149","193","138","206","100","788","243","615","219","173","134","1400000US33015105100","Census Tract 1051, Rockingham County, New Hampshire"
"2600","146","2129","149","1800","167","329","138","132","79","197","126","471","150","459","147","12","22","1400000US33015106101","Census Tract 1061.01, Rockingham County, New Hampshire"
"2409","140","2099","115","1948","133","151","76","74","54","77","54","310","138","250","127","60","59","1400000US33015106102","Census Tract 1061.02, Rockingham County, New Hampshire"
"1875","119","974","115","697","118","277","90","45","34","232","88","901","141","772","132","129","79","1400000US33015106200","Census Tract 1062, Rockingham County, New Hampshire"
"1903","126","1154","128","985","113","169","93","73","73","96","69","749","159","600","149","149","97","1400000US33015106400","Census Tract 1064, Rockingham County, New Hampshire"
"1152","58","623","109","333","82","290","92","42","47","248","85","529","116","412","92","117","71","1400000US33015107100","Census Tract 1071, Rockingham County, New Hampshire"
"2807","128","1800","177","1364","156","436","128","150","98","286","105","1007","189","659","156","348","131","1400000US33015107200","Census Tract 1072, Rockingham County, New Hampshire"
"465","37","328","34","275","36","53","30","0","11","53","30","137","41","121","38","16","14","1400000US33015107400","Census Tract 1074, Rockingham County, New Hampshire"
"1823","87","1334","79","1102","98","232","77","115","62","117","57","489","100","341","86","148","66","1400000US33015107500","Census Tract 1075, Rockingham County, New Hampshire"
"0","11","0","11","0","11","0","11","0","11","0","11","0","11","0","11","0","11","1400000US33015980011","Census Tract 9800.11, Rockingham County, New Hampshire"
"0","11","0","11","0","11","0","11","0","11","0","11","0","11","0","11","0","11","1400000US33015990000","Census Tract 9900, Rockingham County, New Hampshire"
"1028","100","767","69","694","75","73","48","33","40","40","29","261","89","167","66","94","58","1400000US33017080100","Census Tract 801, Strafford County, New Hampshire"
"1051","100","538","67","468","80","70","44","45","40","25","29","513","92","308","93","205","92","1400000US33017080202","Census Tract 802.02, Strafford County, New Hampshire"
"629","97","238","34","209","35","29","16","10","11","19","12","391","91","163","65","228","61","1400000US33017080203","Census Tract 802.03, Strafford County, New Hampshire"
"479","75","140","49","109","26","31","40","25","39","6","9","339","85","111","49","228","75","1400000US33017080204","Census Tract 802.04, Strafford County, New Hampshire"
"2491","183","1808","161","1524","167","284","113","49","30","235","107","683","259","569","229","114","98","1400000US33017080500","Census Tract 805, Strafford County, New Hampshire"
"3064","172","1766","171","1308","161","458","165","158","102","300","115","1298","214","898","162","400","175","1400000US33017081100","Census Tract 811, Strafford County, New Hampshire"
"2051","133","1411","142","1227","160","184","85","123","77","61","40","640","150","497","142","143","89","1400000US33017081200","Census Tract 812, Strafford County, New Hampshire"
"2344","139","925","173","593","166","332","145","73","59","259","144","1419","202","911","175","508","130","1400000US33017081300","Census Tract 813, Strafford County, New Hampshire"
"985","81","411","70","297","57","114","48","45","38","69","34","574","95","401","91","173","59","1400000US33017081400","Census Tract 814, Strafford County, New Hampshire"
"2732","163","1131","197","935","201","196","91","10","19","186","85","1601","242","1040","233","561","185","1400000US33017081500","Census Tract 815, Strafford County, New Hampshire"
"2313","122","1785","133","1388","190","397","180","212","118","185","116","528","137","477","136","51","63","1400000US33017081600","Census Tract 816, Strafford County, New Hampshire"
"1040","61","733","47","604","55","129","48","35","18","94","45","307","74","269","71","38","24","1400000US33017082000","Census Tract 820, Strafford County, New Hampshire"
"2882","200","1833","195","1306","195","527","207","145","102","382","178","1049","254","842","207","207","132","1400000US33017083001","Census Tract 830.01, Strafford County, New Hampshire"
"2245","169","1485","218","1082","215","403","183","158","119","245","127","760","158","621","163","139","79","1400000US33017083002","Census Tract 830.02, Strafford County, New Hampshire"
"2130","110","1343","147","1078","159","265","135","57","66","208","116","787","157","662","153","125","71","1400000US33017084100","Census Tract 841, Strafford County, New Hampshire"
"3224","216","1967","218","1523","205","444","141","200","102","244","114","1257","238","856","223","401","185","1400000US33017084200","Census Tract 842, Strafford County, New Hampshire"
"2938","161","1779","210","1318","179","461","180","243","138","218","131","1159","202","909","185","250","106","1400000US33017084300","Census Tract 843, Strafford County, New Hampshire"
"1676","103","1210","116","746","131","464","131","222","101","242","96","466","118","364","100","102","58","1400000US33017084400","Census Tract 844, Strafford County, New Hampshire"
"1574","113","1041","124","742","104","299","92","91","51","208","83","533","140","429","131","104","64","1400000US33017084500","Census Tract 845, Strafford County, New Hampshire"
"1238","96","856","112","777","123","79","64","28","28","51","60","382","95","259","72","123","80","1400000US33017084600","Census Tract 846, Strafford County, New Hampshire"
"3183","200","2447","204","2044","209","403","153","67","54","336","140","736","242","509","213","227","115","1400000US33017085000","Census Tract 850, Strafford County, New Hampshire"
"1395","85","1203","80","1053","116","150","82","78","64","72","50","192","79","111","64","81","43","1400000US33017086000","Census Tract 860, Strafford County, New Hampshire"
"2868","200","1798","222","1428","234","370","152","206","130","164","94","1070","285","768","232","302","151","1400000US33017087000","Census Tract 870, Strafford County, New Hampshire"
"1811","105","1366","102","1206","120","160","79","77","57","83","58","445","138","372","125","73","40","1400000US33017088000","Census Tract 880, Strafford County, New Hampshire"
"1611","78","1229","68","1071","72","158","48","51","28","107","40","382","59","291","69","91","37","1400000US33017088500","Census Tract 885, Strafford County, New Hampshire"
"1656","104","1241","104","1081","97","160","59","41","23","119","53","415","79","331","73","84","28","1400000US33019975100","Census Tract 9751, Sullivan County, New Hampshire"
"1957","179","1426","123","1212","133","214","93","106","68","108","68","531","157","432","146","99","53","1400000US33019975200","Census Tract 9752, Sullivan County, New Hampshire"
"1393","139","901","90","753","105","148","64","53","39","95","49","492","142","416","137","76","59","1400000US33019975300","Census Tract 9753, Sullivan County, New Hampshire"
"2600","168","1572","151","967","149","605","160","118","76","487","138","1028","213","808","186","220","104","1400000US33019975400","Census Tract 9754, Sullivan County, New Hampshire"
"1207","98","822","91","693","92","129","41","61","33","68","29","385","69","316","62","69","30","1400000US33019975500","Census Tract 9755, Sullivan County, New Hampshire"
"1198","90","851","71","751","65","100","26","44","16","56","23","347","58","248","46","99","34","1400000US33019975600","Census Tract 9756, Sullivan County, New Hampshire"
"2086","184","1379","163","952","189","427","150","183","107","244","116","707","222","656","218","51","49","1400000US33019975700","Census Tract 9757, Sullivan County, New Hampshire"
"1937","154","1272","136","844","140","428","116","133","76","295","109","665","171","539","166","126","54","1400000US33019975800","Census Tract 9758, Sullivan County, New Hampshire"
"1875","162","1085","141","800","169","285","123","40","38","245","116","790","177","662","171","128","75","1400000US33019975901","Census Tract 9759.01, Sullivan County, New Hampshire"
"1419","149","808","141","474","120","334","118","27","32","307","113","611","128","475","115","136","79","1400000US33019975902","Census Tract 9759.02, Sullivan County, New Hampshire"
"532037","2311","349667","2360","278381","2641","71286","1791","23531","1201","47755","1472","182370","2273","140119","2045","42251","1428","0400000US33","New Hampshire"
