"B25050_001E","B25050_001M","B25050_002E","B25050_002M","B25050_003E","B25050_003M","B25050_004E","B25050_004M","B25050_005E","B25050_005M","B25050_006E","B25050_006M","B25050_007E","B25050_007M","B25050_008E","B25050_008M","B25050_009E","B25050_009M","B25050_010E","B25050_010M","B25050_011E","B25050_011M","B25050_012E","B25050_012M","B25050_013E","B25050_013M","B25050_014E","B25050_014M","B25050_015E","B25050_015M","B25050_016E","B25050_016M","B25050_017E","B25050_017M","B25050_018E","B25050_018M","B25050_019E","B25050_019M","GEO_ID","NAME"
"Estimate!!Total:","Margin of Error!!Total:","Estimate!!Total:!!Complete plumbing facilities:","Margin of Error!!Total:!!Complete plumbing facilities:","Estimate!!Total:!!Complete plumbing facilities:!!1.00 or less occupants per room:","Margin of Error!!Total:!!Complete plumbing facilities:!!1.00 or less occupants per room:","Estimate!!Total:!!Complete plumbing facilities:!!1.00 or less occupants per room:!!Built 1950 or later","Margin of Error!!Total:!!Complete plumbing facilities:!!1.00 or less occupants per room:!!Built 1950 or later","Estimate!!Total:!!Complete plumbing facilities:!!1.00 or less occupants per room:!!Built 1940 to 1949","Margin of Error!!Total:!!Complete plumbing facilities:!!1.00 or less occupants per room:!!Built 1940 to 1949","Estimate!!Total:!!Complete plumbing facilities:!!1.00 or less occupants per room:!!Built 1939 or earlier","Margin of Error!!Total:!!Complete plumbing facilities:!!1.00 or less occupants per room:!!Built 1939 or earlier","Estimate!!Total:!!Complete plumbing facilities:!!1.01 or more occupants per room:","Margin of Error!!Total:!!Complete plumbing facilities:!!1.01 or more occupants per room:","Estimate!!Total:!!Complete plumbing facilities:!!1.01 or more occupants per room:!!Built 1950 or later","Margin of Error!!Total:!!Complete plumbing facilities:!!1.01 or more occupants per room:!!Built 1950 or later","Estimate!!Total:!!Complete plumbing facilities:!!1.01 or more occupants per room:!!Built 1940 to 1949","Margin of Error!!Total:!!Complete plumbing facilities:!!1.01 or more occupants per room:!!Built 1940 to 1949","Estimate!!Total:!!Complete plumbing facilities:!!1.01 or more occupants per room:!!Built 1939 or earlier","Margin of Error!!Total:!!Complete plumbing facilities:!!1.01 or more occupants per room:!!Built 1939 or earlier","Estimate!!Total:!!Lacking complete plumbing facilities:","Margin of Error!!Total:!!Lacking complete plumbing facilities:","Estimate!!Total:!!Lacking complete plumbing facilities:!!1.00 or less occupants per room:","Margin of Error!!Total:!!Lacking complete plumbing facilities:!!1.00 or less occupants per room:","Estimate!!Total:!!Lacking complete plumbing facilities:!!1.00 or less occupants per room:!!Built 1950 or later","Margin of Error!!Total:!!Lacking complete plumbing facilities:!!1.00 or less occupants per room:!!Built 1950 or later","Estimate!!Total:!!Lacking complete plumbing facilities:!!1.00 or less occupants per room:!!Built 1940 to 1949","Margin of Error!!Total:!!Lacking complete plumbing facilities:!!1.00 or less occupants per room:!!Built 1940 to 1949","Estimate!!Total:!!Lacking complete plumbing facilities:!!1.00 or less occupants per room:!!Built 1939 or earlier","Margin of Error!!Total:!!Lacking complete plumbing facilities:!!1.00 or less occupants per room:!!Built 1939 or earlier","Estimate!!Total:!!Lacking complete plumbing facilities:!!1.01 or more occupants per room:","Margin of Error!!Total:!!Lacking complete plumbing facilities:!!1.01 or more occupants per room:","Estimate!!Total:!!Lacking complete plumbing facilities:!!1.01 or more occupants per room:!!Built 1950 or later","Margin of Error!!Total:!!Lacking complete plumbing facilities:!!1.01 or more occupants per room:!!Built 1950 or later","Estimate!!Total:!!Lacking complete plumbing facilities:!!1.01 or more occupants per room:!!Built 1940 to 1949","Margin of Error!!Total:!!Lacking complete plumbing facilities:!!1.01 or more occupants per room:!!Built 1940 to 1949","Estimate!!Total:!!Lacking complete plumbing facilities:!!1.01 or more occupants per room:!!Built 1939 or earlier","Margin of Error!!Total:!!Lacking complete plumbing facilities:!!1.01 or more occupants per room:!!Built 1939 or earlier","id","Geographic Area Name"
"1332","90","1300","96","1295","95","989","116","20","14","286","67","5","9","5","9","0","11","0","11","32","35","32","35","32","35","0","11","0","11","0","11","0","11","0","11","0","11","1400000US33001965100","Census Tract 9651, Belknap County, New Hampshire"
"1491","128","1467","126","1433","125","1262","134","31","26","140","67","34","51","0","11","0","11","34","51","24","26","24","26","10","15","0","11","14","22","0","11","0","11","0","11","0","11","1400000US33001965200","Census Tract 9652, Belknap County, New Hampshire"
"1370","134","1370","134","1370","134","1039","164","54","56","277","110","0","11","0","11","0","11","0","11","0","11","0","11","0","11","0","11","0","11","0","11","0","11","0","11","0","11","1400000US33001965300","Census Tract 9653, Belknap County, New Hampshire"
"1119","93","1112","92","1106","91","872","95","66","62","168","74","6","10","6","10","0","11","0","11","7","10","7","10","7","10","0","11","0","11","0","11","0","11","0","11","0","11","1400000US33001965400","Census Tract 9654, Belknap County, New Hampshire"
"1434","109","1434","109","1434","109","954","124","62","34","418","117","0","11","0","11","0","11","0","11","0","11","0","11","0","11","0","11","0","11","0","11","0","11","0","11","0","11","1400000US33001965598","Census Tract 9655.98, Belknap County, New Hampshire"
"1515","120","1515","120","1498","127","1185","172","31","27","282","102","17","21","17","21","0","11","0","11","0","11","0","11","0","11","0","11","0","11","0","11","0","11","0","11","0","11","1400000US33001965600","Census Tract 9656, Belknap County, New Hampshire"
"1753","153","1753","153","1753","153","1424","164","0","11","329","100","0","11","0","11","0","11","0","11","0","11","0","11","0","11","0","11","0","11","0","11","0","11","0","11","0","11","1400000US33001965700","Census Tract 9657, Belknap County, New Hampshire"
"2998","229","2981","229","2870","232","2346","265","99","62","425","125","111","96","76","83","0","16","35","53","17","28","17","28","17","28","0","16","0","16","0","16","0","16","0","16","0","16","1400000US33001965800","Census Tract 9658, Belknap County, New Hampshire"
"1747","116","1747","116","1747","116","986","134","78","57","683","158","0","11","0","11","0","11","0","11","0","11","0","11","0","11","0","11","0","11","0","11","0","11","0","11","0","11","1400000US33001965900","Census Tract 9659, Belknap County, New Hampshire"
"1969","180","1969","180","1969","180","1173","234","80","55","716","175","0","16","0","16","0","16","0","16","0","16","0","16","0","16","0","16","0","16","0","16","0","16","0","16","0","16","1400000US33001966000","Census Tract 9660, Belknap County, New Hampshire"
"1937","148","1901","148","1857","141","1169","168","156","91","532","132","44","51","12","19","0","11","32","43","36","54","36","54","36","54","0","11","0","11","0","11","0","11","0","11","0","11","1400000US33001966100","Census Tract 9661, Belknap County, New Hampshire"
"1280","120","1269","120","1269","120","758","120","79","46","432","119","0","11","0","11","0","11","0","11","11","17","11","17","11","17","0","11","0","11","0","11","0","11","0","11","0","11","1400000US33001966200","Census Tract 9662, Belknap County, New Hampshire"
"659","82","659","82","659","82","522","75","57","32","80","36","0","11","0","11","0","11","0","11","0","11","0","11","0","11","0","11","0","11","0","11","0","11","0","11","0","11","1400000US33001966401","Census Tract 9664.01, Belknap County, New Hampshire"
"2373","141","2319","172","2319","172","2205","178","0","16","114","52","0","16","0","16","0","16","0","16","54","81","54","81","54","81","0","16","0","16","0","16","0","16","0","16","0","16","1400000US33001966402","Census Tract 9664.02, Belknap County, New Hampshire"
"2075","179","2075","179","2075","179","1890","218","84","98","101","73","0","16","0","16","0","16","0","16","0","16","0","16","0","16","0","16","0","16","0","16","0","16","0","16","0","16","1400000US33001966500","Census Tract 9665, Belknap County, New Hampshire"
"1995","194","1995","194","1962","202","1466","206","37","34","459","141","33","36","33","36","0","11","0","11","0","11","0","11","0","11","0","11","0","11","0","11","0","11","0","11","0","11","1400000US33003955100","Census Tract 9551, Carroll County, New Hampshire"
"2858","250","2856","250","2839","251","2188","278","31","34","620","224","17","32","17","32","0","16","0","16","2","4","2","4","2","4","0","16","0","16","0","16","0","16","0","16","0","16","1400000US33003955300","Census Tract 9553, Carroll County, New Hampshire"
"1917","181","1917","181","1875","181","1341","170","91","63","443","134","42","38","42","38","0","11","0","11","0","11","0","11","0","11","0","11","0","11","0","11","0","11","0","11","0","11","1400000US33003955400","Census Tract 9554, Carroll County, New Hampshire"
"1112","102","1092","95","1077","100","911","101","24","18","142","63","15","19","2","3","0","11","13","19","20","23","20","23","6","9","0","11","14","22","0","11","0","11","0","11","0","11","1400000US33003955500","Census Tract 9555, Carroll County, New Hampshire"
"2250","173","2201","180","2198","181","1534","209","25","15","639","151","3","5","3","5","0","16","0","16","49","63","49","63","2","5","0","16","47","63","0","16","0","16","0","16","0","16","1400000US33003955600","Census Tract 9556, Carroll County, New Hampshire"
"1205","105","1198","105","1181","106","958","104","12","9","211","59","17","18","17","18","0","11","0","11","7","7","7","7","3","4","0","11","4","6","0","11","0","11","0","11","0","11","1400000US33003955800","Census Tract 9558, Carroll County, New Hampshire"
"2011","164","1957","164","1929","169","1380","223","81","63","468","164","28","28","9","14","0","11","19","26","54","50","45","54","45","54","0","11","0","11","9","14","0","11","0","11","9","14","1400000US33003955900","Census Tract 9559, Carroll County, New Hampshire"
"2420","212","2420","212","2394","216","1951","205","5","7","438","162","26","33","26","33","0","16","0","16","0","16","0","16","0","16","0","16","0","16","0","16","0","16","0","16","0","16","1400000US33003956000","Census Tract 9560, Carroll County, New Hampshire"
"3000","206","2977","205","2888","213","2377","219","86","83","425","194","89","79","89","79","0","16","0","16","23","37","23","37","23","37","0","16","0","16","0","16","0","16","0","16","0","16","1400000US33003956100","Census Tract 9561, Carroll County, New Hampshire"
"1765","118","1746","112","1739","114","1504","123","23","25","212","79","7","11","7","11","0","11","0","11","19","32","19","32","19","32","0","11","0","11","0","11","0","11","0","11","0","11","1400000US33003956300","Census Tract 9563, Carroll County, New Hampshire"
"923","104","914","104","900","107","739","96","26","21","135","63","14","17","14","17","0","11","0","11","9","10","9","10","4","6","5","8","0","11","0","11","0","11","0","11","0","11","1400000US33003956400","Census Tract 9564, Carroll County, New Hampshire"
"1720","72","1688","69","1660","68","1270","70","32","11","358","59","28","17","22","16","0","11","6","8","32","24","31","24","28","23","3","4","0","11","1","3","1","3","0","11","0","11","1400000US33005970100","Census Tract 9701, Cheshire County, New Hampshire"
"1677","112","1632","113","1618","116","862","118","76","52","680","136","14","20","14","20","0","11","0","11","45","52","45","52","9","14","0","11","36","49","0","11","0","11","0","11","0","11","1400000US33005970200","Census Tract 9702, Cheshire County, New Hampshire"
"2082","98","2067","98","2041","101","1557","96","58","24","426","59","26","14","26","14","0","16","0","16","15","14","15","14","12","13","0","16","3","5","0","16","0","16","0","16","0","16","1400000US33005970400","Census Tract 9704, Cheshire County, New Hampshire"
"2107","219","2107","219","2073","245","1354","239","171","104","548","161","34","41","34","41","0","16","0","16","0","16","0","16","0","16","0","16","0","16","0","16","0","16","0","16","0","16","1400000US33005970500","Census Tract 9705, Cheshire County, New Hampshire"
"1762","171","1762","171","1753","174","1478","180","33","34","242","96","9","14","9","14","0","16","0","16","0","16","0","16","0","16","0","16","0","16","0","16","0","16","0","16","0","16","1400000US33005970600","Census Tract 9706, Cheshire County, New Hampshire"
"1429","79","1426","80","1403","82","985","102","60","41","358","75","23","18","23","18","0","11","0","11","3","5","0","11","0","11","0","11","0","11","3","5","3","5","0","11","0","11","1400000US33005970700","Census Tract 9707, Cheshire County, New Hampshire"
"1757","88","1713","101","1677","102","1178","123","41","19","458","82","36","29","19","26","0","11","17","15","44","42","38","41","19","27","0","11","19","30","6","9","0","11","0","11","6","9","1400000US33005970800","Census Tract 9708, Cheshire County, New Hampshire"
"3089","233","3045","228","3032","229","2502","256","52","47","478","144","13","21","13","21","0","16","0","16","44","51","44","51","44","51","0","16","0","16","0","16","0","16","0","16","0","16","1400000US33005970900","Census Tract 9709, Cheshire County, New Hampshire"
"2322","176","2288","185","2288","185","1880","180","102","57","306","160","0","16","0","16","0","16","0","16","34","51","34","51","34","51","0","16","0","16","0","16","0","16","0","16","0","16","1400000US33005971000","Census Tract 9710, Cheshire County, New Hampshire"
"2300","160","2300","160","2279","163","1052","210","179","95","1048","239","21","27","15","24","0","16","6","13","0","16","0","16","0","16","0","16","0","16","0","16","0","16","0","16","0","16","1400000US33005971100","Census Tract 9711, Cheshire County, New Hampshire"
"1541","117","1541","117","1537","117","457","98","39","30","1041","143","4","8","4","8","0","11","0","11","0","11","0","11","0","11","0","11","0","11","0","11","0","11","0","11","0","11","1400000US33005971300","Census Tract 9713, Cheshire County, New Hampshire"
"1298","125","1271","133","1266","133","731","149","116","70","419","115","5","11","5","11","0","16","0","16","27","37","27","37","0","16","27","37","0","16","0","16","0","16","0","16","0","16","1400000US33005971401","Census Tract 9714.01, Cheshire County, New Hampshire"
"1731","107","1731","107","1714","110","1503","114","56","40","155","55","17","25","0","11","0","11","17","25","0","11","0","11","0","11","0","11","0","11","0","11","0","11","0","11","0","11","1400000US33005971402","Census Tract 9714.02, Cheshire County, New Hampshire"
"2024","193","2007","193","1956","212","1511","193","130","66","315","70","51","42","36","35","0","16","15","25","17","25","17","25","17","25","0","16","0","16","0","16","0","16","0","16","0","16","1400000US33005971500","Census Tract 9715, Cheshire County, New Hampshire"
"1643","126","1643","126","1594","159","1111","136","119","63","364","160","49","51","24","36","0","11","25","38","0","11","0","11","0","11","0","11","0","11","0","11","0","11","0","11","0","11","1400000US33005971600","Census Tract 9716, Cheshire County, New Hampshire"
"1659","185","1659","185","1583","232","1111","213","23","24","449","121","76","67","68","68","0","11","8","12","0","11","0","11","0","11","0","11","0","11","0","11","0","11","0","11","0","11","1400000US33005971700","Census Tract 9717, Cheshire County, New Hampshire"
"982","73","953","76","953","76","724","75","41","24","188","53","0","11","0","11","0","11","0","11","29","22","24","20","12","10","0","11","12","17","5","8","5","8","0","11","0","11","1400000US33007950100","Census Tract 9501, Coos County, New Hampshire"
"1270","87","1270","87","1264","87","930","98","44","27","290","62","6","7","6","7","0","11","0","11","0","11","0","11","0","11","0","11","0","11","0","11","0","11","0","11","0","11","1400000US33007950200","Census Tract 9502, Coos County, New Hampshire"
"850","61","846","60","842","61","646","60","21","13","175","44","4","4","4","4","0","11","0","11","4","5","4","5","0","11","0","11","4","5","0","11","0","11","0","11","0","11","1400000US33007950300","Census Tract 9503, Coos County, New Hampshire"
"1494","76","1490","76","1445","82","913","85","88","43","444","80","45","28","34","27","0","11","11","10","4","5","4","5","2","4","0","11","2","3","0","11","0","11","0","11","0","11","1400000US33007950400","Census Tract 9504, Coos County, New Hampshire"
"1366","149","1366","149","1352","152","682","144","65","38","605","109","14","18","0","11","0","11","14","18","0","11","0","11","0","11","0","11","0","11","0","11","0","11","0","11","0","11","1400000US33007950500","Census Tract 9505, Coos County, New Hampshire"
"1447","147","1447","147","1414","162","602","120","151","68","661","130","33","48","33","48","0","11","0","11","0","11","0","11","0","11","0","11","0","11","0","11","0","11","0","11","0","11","1400000US33007950600","Census Tract 9506, Coos County, New Hampshire"
"1325","105","1325","105","1247","102","791","91","127","59","329","78","78","44","0","11","0","11","78","44","0","11","0","11","0","11","0","11","0","11","0","11","0","11","0","11","0","11","1400000US33007950700","Census Tract 9507, Coos County, New Hampshire"
"1205","118","1205","118","1205","118","370","109","30","26","805","152","0","11","0","11","0","11","0","11","0","11","0","11","0","11","0","11","0","11","0","11","0","11","0","11","0","11","1400000US33007950800","Census Tract 9508, Coos County, New Hampshire"
"1443","106","1442","105","1434","113","944","109","79","41","411","90","8","12","0","11","0","11","8","12","1","3","1","3","1","3","0","11","0","11","0","11","0","11","0","11","0","11","1400000US33007950900","Census Tract 9509, Coos County, New Hampshire"
"916","79","900","77","888","79","679","79","50","22","159","39","12","14","12","14","0","11","0","11","16","17","16","17","16","17","0","11","0","11","0","11","0","11","0","11","0","11","1400000US33007951000","Census Tract 9510, Coos County, New Hampshire"
"1470","117","1460","118","1447","119","952","101","85","46","410","85","13","15","13","15","0","11","0","11","10","10","10","10","10","10","0","11","0","11","0","11","0","11","0","11","0","11","1400000US33007951100","Census Tract 9511, Coos County, New Hampshire"
"2891","224","2891","224","2873","226","1626","230","79","57","1168","227","18","29","0","16","0","16","18","29","0","16","0","16","0","16","0","16","0","16","0","16","0","16","0","16","0","16","1400000US33009960100","Census Tract 9601, Grafton County, New Hampshire"
"1801","130","1782","123","1771","124","1114","108","98","45","559","98","11","11","5","7","0","11","6","8","19","17","19","17","9","10","0","11","10","13","0","11","0","11","0","11","0","11","1400000US33009960200","Census Tract 9602, Grafton County, New Hampshire"
"2012","117","2007","117","1977","118","1375","109","69","24","533","64","30","18","13","8","0","16","17","16","5","5","2","3","2","3","0","16","0","16","3","4","3","4","0","16","0","16","1400000US33009960300","Census Tract 9603, Grafton County, New Hampshire"
"1506","126","1483","121","1471","122","1264","119","48","37","159","52","12","12","6","8","0","11","6","9","23","30","23","30","23","30","0","11","0","11","0","11","0","11","0","11","0","11","1400000US33009960400","Census Tract 9604, Grafton County, New Hampshire"
"971","94","961","94","952","92","649","70","40","26","263","58","9","7","7","6","0","11","2","3","10","16","10","16","10","16","0","11","0","11","0","11","0","11","0","11","0","11","1400000US33009960500","Census Tract 9605, Grafton County, New Hampshire"
"1754","148","1754","148","1749","150","1260","168","67","42","422","127","5","10","0","11","0","11","5","10","0","11","0","11","0","11","0","11","0","11","0","11","0","11","0","11","0","11","1400000US33009960600","Census Tract 9606, Grafton County, New Hampshire"
"1174","68","1165","68","1125","68","785","63","17","11","323","53","40","23","21","13","0","11","19","22","9","8","9","8","5","6","0","11","4","5","0","11","0","11","0","11","0","11","1400000US33009960700","Census Tract 9607, Grafton County, New Hampshire"
"1976","228","1956","231","1934","229","1433","219","48","30","453","110","22","28","22","28","0","11","0","11","20","21","13","20","13","20","0","11","0","11","7","9","7","9","0","11","0","11","1400000US33009960800","Census Tract 9608, Grafton County, New Hampshire"
"1291","74","1279","73","1264","73","949","72","32","16","283","50","15","14","6","6","0","11","9","12","12","7","12","7","12","7","0","11","0","11","0","11","0","11","0","11","0","11","1400000US33009960900","Census Tract 9609, Grafton County, New Hampshire"
"2147","233","2073","259","2073","259","1517","286","89","88","467","207","0","16","0","16","0","16","0","16","74","102","74","102","74","102","0","16","0","16","0","16","0","16","0","16","0","16","1400000US33009961000","Census Tract 9610, Grafton County, New Hampshire"
"1638","133","1638","133","1576","130","1123","123","44","24","409","95","62","44","62","44","0","11","0","11","0","11","0","11","0","11","0","11","0","11","0","11","0","11","0","11","0","11","1400000US33009961100","Census Tract 9611, Grafton County, New Hampshire"
"1765","155","1763","155","1746","153","1269","148","26","20","451","99","17","20","17","20","0","11","0","11","2","4","2","4","2","4","0","11","0","11","0","11","0","11","0","11","0","11","1400000US33009961200","Census Tract 9612, Grafton County, New Hampshire"
"1365","77","1319","78","1287","81","1025","69","10","8","252","51","32","25","23","22","0","11","9","11","46","21","40","20","38","20","0","11","2","5","6","6","3","4","0","11","3","4","1400000US33009961300","Census Tract 9613, Grafton County, New Hampshire"
"1487","174","1471","174","1466","173","1092","177","30","41","344","145","5","7","5","7","0","11","0","11","16","19","16","19","16","19","0","11","0","11","0","11","0","11","0","11","0","11","1400000US33009961400","Census Tract 9614, Grafton County, New Hampshire"
"2027","197","2027","197","1992","221","1372","220","45","43","575","163","35","49","0","11","0","11","35","49","0","11","0","11","0","11","0","11","0","11","0","11","0","11","0","11","0","11","1400000US33009961500","Census Tract 9615, Grafton County, New Hampshire"
"980","122","980","122","971","121","814","123","18","22","139","60","9","14","9","14","0","11","0","11","0","11","0","11","0","11","0","11","0","11","0","11","0","11","0","11","0","11","1400000US33009961601","Census Tract 9616.01, Grafton County, New Hampshire"
"1859","201","1859","201","1842","200","1375","192","110","105","357","110","17","26","0","16","0","16","17","26","0","16","0","16","0","16","0","16","0","16","0","16","0","16","0","16","0","16","1400000US33009961602","Census Tract 9616.02, Grafton County, New Hampshire"
"3599","245","3599","245","3584","251","2689","284","71","44","824","202","15","23","15","23","0","16","0","16","0","16","0","16","0","16","0","16","0","16","0","16","0","16","0","16","0","16","1400000US33009961700","Census Tract 9617, Grafton County, New Hampshire"
"2484","164","2484","164","2459","165","1445","216","108","68","906","196","25","39","0","16","0","16","25","39","0","16","0","16","0","16","0","16","0","16","0","16","0","16","0","16","0","16","1400000US33009961800","Census Tract 9618, Grafton County, New Hampshire"
"1252","69","1252","69","1239","69","599","100","74","54","566","99","13","20","13","20","0","11","0","11","0","11","0","11","0","11","0","11","0","11","0","11","0","11","0","11","0","11","1400000US33011000101","Census Tract 1.01, Hillsborough County, New Hampshire"
"1850","106","1842","107","1775","114","1626","117","68","39","81","41","67","62","67","62","0","16","0","16","8","14","8","14","8","14","0","16","0","16","0","16","0","16","0","16","0","16","1400000US33011000102","Census Tract 1.02, Hillsborough County, New Hampshire"
"921","54","914","54","903","57","514","84","190","60","199","60","11","17","0","11","0","11","11","17","7","10","7","10","7","10","0","11","0","11","0","11","0","11","0","11","0","11","1400000US33011000202","Census Tract 2.02, Hillsborough County, New Hampshire"
"1846","112","1835","109","1815","110","1752","128","0","11","63","58","20","21","20","21","0","11","0","11","11","18","11","18","0","11","0","11","11","18","0","11","0","11","0","11","0","11","1400000US33011000203","Census Tract 2.03, Hillsborough County, New Hampshire"
"2453","150","2401","170","2315","192","2206","204","17","27","92","59","86","63","86","63","0","16","0","16","52","69","52","69","52","69","0","16","0","16","0","16","0","16","0","16","0","16","1400000US33011000204","Census Tract 2.04, Hillsborough County, New Hampshire"
"1305","99","1305","99","1274","107","358","91","85","48","831","131","31","38","31","38","0","11","0","11","0","11","0","11","0","11","0","11","0","11","0","11","0","11","0","11","0","11","1400000US33011000300","Census Tract 3, Hillsborough County, New Hampshire"
"1077","95","1069","98","1037","103","450","115","105","65","482","117","32","43","5","13","0","11","27","42","8","12","8","12","8","12","0","11","0","11","0","11","0","11","0","11","0","11","1400000US33011000600","Census Tract 6, Hillsborough County, New Hampshire"
"1250","69","1250","69","1250","69","590","107","109","49","551","110","0","11","0","11","0","11","0","11","0","11","0","11","0","11","0","11","0","11","0","11","0","11","0","11","0","11","1400000US33011000700","Census Tract 7, Hillsborough County, New Hampshire"
"903","67","903","67","897","67","107","41","32","23","758","74","6","8","0","11","0","11","6","8","0","11","0","11","0","11","0","11","0","11","0","11","0","11","0","11","0","11","1400000US33011000800","Census Tract 8, Hillsborough County, New Hampshire"
"1490","62","1490","62","1490","62","1285","120","20","25","185","108","0","11","0","11","0","11","0","11","0","11","0","11","0","11","0","11","0","11","0","11","0","11","0","11","0","11","1400000US33011000901","Census Tract 9.01, Hillsborough County, New Hampshire"
"2326","108","2326","108","2211","144","2111","166","18","29","82","81","115","109","115","109","0","16","0","16","0","16","0","16","0","16","0","16","0","16","0","16","0","16","0","16","0","16","1400000US33011000902","Census Tract 9.02, Hillsborough County, New Hampshire"
"2502","95","2502","95","2482","99","2247","132","72","50","163","86","20","24","20","24","0","16","0","16","0","16","0","16","0","16","0","16","0","16","0","16","0","16","0","16","0","16","1400000US33011001000","Census Tract 10, Hillsborough County, New Hampshire"
"2020","157","2020","157","1988","172","1405","216","287","126","296","128","32","40","32","40","0","16","0","16","0","16","0","16","0","16","0","16","0","16","0","16","0","16","0","16","0","16","1400000US33011001100","Census Tract 11, Hillsborough County, New Hampshire"
"727","66","727","66","704","78","261","56","43","24","400","71","23","30","0","11","0","11","23","30","0","11","0","11","0","11","0","11","0","11","0","11","0","11","0","11","0","11","1400000US33011001200","Census Tract 12, Hillsborough County, New Hampshire"
"1368","100","1349","99","1260","114","352","92","140","67","768","116","89","54","14","18","0","11","75","57","19","30","19","30","19","30","0","11","0","11","0","11","0","11","0","11","0","11","1400000US33011001300","Census Tract 13, Hillsborough County, New Hampshire"
"963","66","963","66","890","72","385","93","145","78","360","94","73","39","34","27","6","10","33","30","0","11","0","11","0","11","0","11","0","11","0","11","0","11","0","11","0","11","1400000US33011001400","Census Tract 14, Hillsborough County, New Hampshire"
"990","70","978","70","879","90","197","67","136","46","546","94","99","51","0","11","0","11","99","51","12","19","12","19","0","11","0","11","12","19","0","11","0","11","0","11","0","11","1400000US33011001500","Census Tract 15, Hillsborough County, New Hampshire"
"1462","122","1462","122","1270","146","362","109","63","50","845","144","192","96","25","29","0","11","167","91","0","11","0","11","0","11","0","11","0","11","0","11","0","11","0","11","0","11","1400000US33011001600","Census Tract 16, Hillsborough County, New Hampshire"
"971","84","971","84","963","87","343","96","79","52","541","116","8","15","8","15","0","11","0","11","0","11","0","11","0","11","0","11","0","11","0","11","0","11","0","11","0","11","1400000US33011001700","Census Tract 17, Hillsborough County, New Hampshire"
"2332","129","2332","129","2278","138","1141","219","302","176","835","194","54","46","14","25","10","17","30","34","0","16","0","16","0","16","0","16","0","16","0","16","0","16","0","16","0","16","1400000US33011001800","Census Tract 18, Hillsborough County, New Hampshire"
"1240","95","1240","95","1189","114","589","126","29","41","571","138","51","68","4","16","0","11","47","62","0","11","0","11","0","11","0","11","0","11","0","11","0","11","0","11","0","11","1400000US33011001900","Census Tract 19, Hillsborough County, New Hampshire"
"859","87","859","87","770","83","442","92","0","11","328","85","89","53","48","44","0","11","41","29","0","11","0","11","0","11","0","11","0","11","0","11","0","11","0","11","0","11","1400000US33011002000","Census Tract 20, Hillsborough County, New Hampshire"
"2060","113","2035","118","2004","126","623","140","122","55","1259","146","31","30","6","10","0","16","25","28","25","40","25","40","0","16","0","16","25","40","0","16","0","16","0","16","0","16","1400000US33011002100","Census Tract 21, Hillsborough County, New Hampshire"
"1409","94","1382","102","1343","122","670","152","152","72","521","128","39","61","39","61","0","11","0","11","27","43","27","43","27","43","0","11","0","11","0","11","0","11","0","11","0","11","1400000US33011002200","Census Tract 22, Hillsborough County, New Hampshire"
"1563","125","1563","125","1477","140","1035","149","92","58","350","97","86","69","53","47","0","11","33","48","0","11","0","11","0","11","0","11","0","11","0","11","0","11","0","11","0","11","1400000US33011002300","Census Tract 23, Hillsborough County, New Hampshire"
"2984","125","2899","156","2805","167","2237","205","170","125","398","142","94","63","33","44","0","16","61","39","85","93","85","93","43","65","0","16","42","65","0","16","0","16","0","16","0","16","1400000US33011002400","Census Tract 24, Hillsborough County, New Hampshire"
"2120","155","2059","175","2059","175","1539","212","276","139","244","119","0","11","0","11","0","11","0","11","61","97","61","97","61","97","0","11","0","11","0","11","0","11","0","11","0","11","1400000US33011002500","Census Tract 25, Hillsborough County, New Hampshire"
"2156","84","2156","84","2127","96","1936","110","63","50","128","75","29","35","29","35","0","16","0","16","0","16","0","16","0","16","0","16","0","16","0","16","0","16","0","16","0","16","1400000US33011002600","Census Tract 26, Hillsborough County, New Hampshire"
"1373","103","1373","103","1360","103","977","114","41","33","342","79","13","19","13","19","0","11","0","11","0","11","0","11","0","11","0","11","0","11","0","11","0","11","0","11","0","11","1400000US33011002701","Census Tract 27.01, Hillsborough County, New Hampshire"
"2376","109","2352","115","2340","116","1797","188","131","76","412","159","12","19","12","19","0","16","0","16","24","38","24","38","24","38","0","16","0","16","0","16","0","16","0","16","0","16","1400000US33011002702","Census Tract 27.02, Hillsborough County, New Hampshire"
"2366","115","2366","115","2309","152","1883","166","178","90","248","100","57","59","39","53","0","16","18","28","0","16","0","16","0","16","0","16","0","16","0","16","0","16","0","16","0","16","1400000US33011002800","Census Tract 28, Hillsborough County, New Hampshire"
"2890","147","2869","145","2843","146","2646","166","44","41","153","105","26","29","26","29","0","16","0","16","21","32","21","32","21","32","0","16","0","16","0","16","0","16","0","16","0","16","1400000US33011002901","Census Tract 29.01, Hillsborough County, New Hampshire"
"2331","136","2310","140","2310","140","2025","175","92","67","193","94","0","16","0","16","0","16","0","16","21","33","21","33","21","33","0","16","0","16","0","16","0","16","0","16","0","16","1400000US33011002902","Census Tract 29.02, Hillsborough County, New Hampshire"
"2592","90","2542","109","2542","109","2476","119","14","23","52","43","0","16","0","16","0","16","0","16","50","74","50","74","50","74","0","16","0","16","0","16","0","16","0","16","0","16","1400000US33011002903","Census Tract 29.03, Hillsborough County, New Hampshire"
"2064","81","2064","81","2018","95","1884","105","57","43","77","47","46","58","46","58","0","16","0","16","0","16","0","16","0","16","0","16","0","16","0","16","0","16","0","16","0","16","1400000US33011010100","Census Tract 101, Hillsborough County, New Hampshire"
"3227","96","3227","96","3185","121","3171","123","0","16","14","23","42","65","42","65","0","16","0","16","0","16","0","16","0","16","0","16","0","16","0","16","0","16","0","16","0","16","1400000US33011010200","Census Tract 102, Hillsborough County, New Hampshire"
"1940","51","1940","51","1929","53","1885","55","18","21","26","23","11","16","11","16","0","11","0","11","0","11","0","11","0","11","0","11","0","11","0","11","0","11","0","11","0","11","1400000US33011010301","Census Tract 103.01, Hillsborough County, New Hampshire"
"1810","90","1804","91","1780","95","1748","95","25","22","7","13","24","24","24","24","0","11","0","11","6","9","6","9","6","9","0","11","0","11","0","11","0","11","0","11","0","11","1400000US33011010302","Census Tract 103.02, Hillsborough County, New Hampshire"
"2056","86","2056","86","1937","151","934","166","111","86","892","213","119","121","98","123","0","16","21","29","0","16","0","16","0","16","0","16","0","16","0","16","0","16","0","16","0","16","1400000US33011010400","Census Tract 104, Hillsborough County, New Hampshire"
"1764","137","1764","137","1667","152","419","108","44","33","1204","147","97","84","0","11","0","11","97","84","0","11","0","11","0","11","0","11","0","11","0","11","0","11","0","11","0","11","1400000US33011010500","Census Tract 105, Hillsborough County, New Hampshire"
"2501","150","2501","150","2371","190","952","206","245","117","1174","242","130","107","88","97","0","16","42","61","0","16","0","16","0","16","0","16","0","16","0","16","0","16","0","16","0","16","1400000US33011010600","Census Tract 106, Hillsborough County, New Hampshire"
"878","59","841","62","809","63","397","69","34","24","378","62","32","42","8","19","0","11","24","36","37","32","37","32","5","7","6","9","26","27","0","11","0","11","0","11","0","11","1400000US33011010700","Census Tract 107, Hillsborough County, New Hampshire"
"2997","160","2983","159","2745","226","1072","245","241","123","1432","241","238","158","55","62","0","16","183","152","14","25","14","25","0","16","0","16","14","25","0","16","0","16","0","16","0","16","1400000US33011010800","Census Tract 108, Hillsborough County, New Hampshire"
"2287","124","2287","124","2199","148","1540","213","144","92","515","170","88","75","73","71","15","25","0","16","0","16","0","16","0","16","0","16","0","16","0","16","0","16","0","16","0","16","1400000US33011010900","Census Tract 109, Hillsborough County, New Hampshire"
"1772","65","1772","65","1751","68","1206","144","244","95","301","91","21","23","10","16","0","11","11","17","0","11","0","11","0","11","0","11","0","11","0","11","0","11","0","11","0","11","1400000US33011011000","Census Tract 110, Hillsborough County, New Hampshire"
"1770","89","1770","89","1740","91","1732","92","8","13","0","11","30","27","30","27","0","11","0","11","0","11","0","11","0","11","0","11","0","11","0","11","0","11","0","11","0","11","1400000US33011011101","Census Tract 111.01, Hillsborough County, New Hampshire"
"1817","97","1817","97","1678","111","1678","111","0","11","0","11","139","72","139","72","0","11","0","11","0","11","0","11","0","11","0","11","0","11","0","11","0","11","0","11","0","11","1400000US33011011102","Census Tract 111.02, Hillsborough County, New Hampshire"
"2985","121","2985","121","2978","121","2905","148","44","67","29","33","7","10","7","10","0","16","0","16","0","16","0","16","0","16","0","16","0","16","0","16","0","16","0","16","0","16","1400000US33011011200","Census Tract 112, Hillsborough County, New Hampshire"
"1482","56","1482","56","1461","61","1437","63","9","13","15","22","21","24","21","24","0","11","0","11","0","11","0","11","0","11","0","11","0","11","0","11","0","11","0","11","0","11","1400000US33011011300","Census Tract 113, Hillsborough County, New Hampshire"
"2199","87","2199","87","2175","93","2094","121","15","25","66","81","24","31","24","31","0","16","0","16","0","16","0","16","0","16","0","16","0","16","0","16","0","16","0","16","0","16","1400000US33011011401","Census Tract 114.01, Hillsborough County, New Hampshire"
"1909","62","1909","62","1898","61","1832","72","30","25","36","31","11","17","11","17","0","11","0","11","0","11","0","11","0","11","0","11","0","11","0","11","0","11","0","11","0","11","1400000US33011011402","Census Tract 114.02, Hillsborough County, New Hampshire"
"1076","45","1076","45","1071","47","1053","47","9","14","9","13","5","8","5","8","0","11","0","11","0","11","0","11","0","11","0","11","0","11","0","11","0","11","0","11","0","11","1400000US33011011500","Census Tract 115, Hillsborough County, New Hampshire"
"3101","130","3101","130","3084","134","2985","182","0","16","99","93","17","29","17","29","0","16","0","16","0","16","0","16","0","16","0","16","0","16","0","16","0","16","0","16","0","16","1400000US33011012100","Census Tract 121, Hillsborough County, New Hampshire"
"3008","148","2994","150","2956","159","2355","224","136","99","465","155","38","38","38","38","0","16","0","16","14","26","14","26","14","26","0","16","0","16","0","16","0","16","0","16","0","16","1400000US33011012200","Census Tract 122, Hillsborough County, New Hampshire"
"3105","143","3105","143","3105","143","2881","178","70","50","154","124","0","16","0","16","0","16","0","16","0","16","0","16","0","16","0","16","0","16","0","16","0","16","0","16","0","16","1400000US33011012300","Census Tract 123, Hillsborough County, New Hampshire"
"3060","117","3044","118","3044","118","2982","123","16","25","46","54","0","16","0","16","0","16","0","16","16","25","16","25","16","25","0","16","0","16","0","16","0","16","0","16","0","16","1400000US33011013100","Census Tract 131, Hillsborough County, New Hampshire"
"2820","97","2820","97","2800","94","2619","154","37","43","144","117","20","33","20","33","0","16","0","16","0","16","0","16","0","16","0","16","0","16","0","16","0","16","0","16","0","16","1400000US33011014100","Census Tract 141, Hillsborough County, New Hampshire"
"2075","62","2067","62","2043","76","1931","98","11","20","101","63","24","36","24","36","0","16","0","16","8","12","8","12","0","16","0","16","8","12","0","16","0","16","0","16","0","16","1400000US33011014201","Census Tract 142.01, Hillsborough County, New Hampshire"
"2276","90","2250","88","2250","88","2188","96","46","69","16","25","0","16","0","16","0","16","0","16","26","32","26","32","26","32","0","16","0","16","0","16","0","16","0","16","0","16","1400000US33011014202","Census Tract 142.02, Hillsborough County, New Hampshire"
"2822","69","2822","69","2803","70","2630","115","101","60","72","69","19","33","19","33","0","16","0","16","0","16","0","16","0","16","0","16","0","16","0","16","0","16","0","16","0","16","1400000US33011014300","Census Tract 143, Hillsborough County, New Hampshire"
"1925","92","1925","92","1925","92","1603","129","30","27","292","92","0","16","0","16","0","16","0","16","0","16","0","16","0","16","0","16","0","16","0","16","0","16","0","16","0","16","1400000US33011015100","Census Tract 151, Hillsborough County, New Hampshire"
"2204","105","2204","105","2204","105","2030","133","53","50","121","74","0","16","0","16","0","16","0","16","0","16","0","16","0","16","0","16","0","16","0","16","0","16","0","16","0","16","1400000US33011015200","Census Tract 152, Hillsborough County, New Hampshire"
"1301","79","1301","79","1251","94","814","99","33","30","404","98","50","43","50","43","0","11","0","11","0","11","0","11","0","11","0","11","0","11","0","11","0","11","0","11","0","11","1400000US33011016100","Census Tract 161, Hillsborough County, New Hampshire"
"3115","184","3115","184","3069","201","2355","235","148","120","566","167","46","59","46","59","0","16","0","16","0","16","0","16","0","16","0","16","0","16","0","16","0","16","0","16","0","16","1400000US33011016201","Census Tract 162.01, Hillsborough County, New Hampshire"
"1900","95","1900","95","1900","95","1762","104","28","25","110","59","0","16","0","16","0","16","0","16","0","16","0","16","0","16","0","16","0","16","0","16","0","16","0","16","0","16","1400000US33011016202","Census Tract 162.02, Hillsborough County, New Hampshire"
"2968","131","2930","133","2930","133","2530","231","15","24","385","178","0","16","0","16","0","16","0","16","38","32","38","32","19","30","0","16","19","31","0","16","0","16","0","16","0","16","1400000US33011017100","Census Tract 171, Hillsborough County, New Hampshire"
"1736","70","1727","70","1715","72","1551","83","26","23","138","47","12","19","12","19","0","16","0","16","9","14","9","14","0","16","0","16","9","14","0","16","0","16","0","16","0","16","1400000US33011018000","Census Tract 180, Hillsborough County, New Hampshire"
"872","77","872","77","862","82","563","90","13","13","286","86","10","12","10","12","0","11","0","11","0","11","0","11","0","11","0","11","0","11","0","11","0","11","0","11","0","11","1400000US33011018501","Census Tract 185.01, Hillsborough County, New Hampshire"
"599","38","599","38","599","38","490","43","7","7","102","29","0","11","0","11","0","11","0","11","0","11","0","11","0","11","0","11","0","11","0","11","0","11","0","11","0","11","1400000US33011018502","Census Tract 185.02, Hillsborough County, New Hampshire"
"1586","112","1569","104","1541","115","892","125","65","70","584","125","28","24","0","11","0","11","28","24","17","27","17","27","0","11","0","11","17","27","0","11","0","11","0","11","0","11","1400000US33011019000","Census Tract 190, Hillsborough County, New Hampshire"
"687","55","683","55","677","56","498","55","4","6","175","49","6","6","2","3","0","11","4","5","4","5","4","5","4","5","0","11","0","11","0","11","0","11","0","11","0","11","1400000US33011019501","Census Tract 195.01, Hillsborough County, New Hampshire"
"909","55","909","55","889","63","762","76","11","12","116","47","20","20","15","19","5","8","0","11","0","11","0","11","0","11","0","11","0","11","0","11","0","11","0","11","0","11","1400000US33011019502","Census Tract 195.02, Hillsborough County, New Hampshire"
"1964","120","1964","120","1944","129","1813","129","9","16","122","63","20","24","20","24","0","16","0","16","0","16","0","16","0","16","0","16","0","16","0","16","0","16","0","16","0","16","1400000US33011020000","Census Tract 200, Hillsborough County, New Hampshire"
"3129","158","3067","169","3027","174","2537","215","66","76","424","151","40","43","40","43","0","16","0","16","62","80","62","80","62","80","0","16","0","16","0","16","0","16","0","16","0","16","1400000US33011021000","Census Tract 210, Hillsborough County, New Hampshire"
"2020","97","2014","98","1983","99","1546","90","50","34","387","50","31","18","31","18","0","11","0","11","6","8","6","8","6","8","0","11","0","11","0","11","0","11","0","11","0","11","1400000US33011021500","Census Tract 215, Hillsborough County, New Hampshire"
"696","51","696","51","688","53","546","59","7","8","135","34","8","9","8","9","0","11","0","11","0","11","0","11","0","11","0","11","0","11","0","11","0","11","0","11","0","11","1400000US33011022000","Census Tract 220, Hillsborough County, New Hampshire"
"2533","144","2512","140","2470","153","1974","165","67","52","429","104","42","37","17","22","0","16","25","33","21","27","21","27","4","6","0","16","17","27","0","16","0","16","0","16","0","16","1400000US33011022500","Census Tract 225, Hillsborough County, New Hampshire"
"3019","244","3005","245","2990","240","2225","302","53","48","712","177","15","25","15","25","0","16","0","16","14","24","14","24","14","24","0","16","0","16","0","16","0","16","0","16","0","16","1400000US33011023000","Census Tract 230, Hillsborough County, New Hampshire"
"781","55","781","55","771","56","484","56","32","13","255","50","10","11","0","11","0","11","10","11","0","11","0","11","0","11","0","11","0","11","0","11","0","11","0","11","0","11","1400000US33011024000","Census Tract 240, Hillsborough County, New Hampshire"
"993","87","987","86","987","86","728","84","44","29","215","51","0","11","0","11","0","11","0","11","6","9","6","9","6","9","0","11","0","11","0","11","0","11","0","11","0","11","1400000US33011025000","Census Tract 250, Hillsborough County, New Hampshire"
"2400","201","2398","201","2351","203","1738","209","4","6","609","207","47","72","47","72","0","16","0","16","2","3","2","3","2","3","0","16","0","16","0","16","0","16","0","16","0","16","1400000US33011025500","Census Tract 255, Hillsborough County, New Hampshire"
"1707","96","1698","97","1688","98","1623","102","8","14","57","39","10","16","10","16","0","11","0","11","9","16","9","16","9","16","0","11","0","11","0","11","0","11","0","11","0","11","1400000US33011200100","Census Tract 2001, Hillsborough County, New Hampshire"
"1577","118","1577","118","1562","123","1446","136","73","63","43","26","15","22","15","22","0","11","0","11","0","11","0","11","0","11","0","11","0","11","0","11","0","11","0","11","0","11","1400000US33011200200","Census Tract 2002, Hillsborough County, New Hampshire"
"1548","106","1548","106","1528","106","1423","110","20","24","85","54","20","21","8","13","12","18","0","11","0","11","0","11","0","11","0","11","0","11","0","11","0","11","0","11","0","11","1400000US33011200300","Census Tract 2003, Hillsborough County, New Hampshire"
"1789","129","1752","137","1738","137","682","123","36","32","1020","182","14","22","0","11","0","11","14","22","37","33","37","33","0","11","0","11","37","33","0","11","0","11","0","11","0","11","1400000US33011200400","Census Tract 2004, Hillsborough County, New Hampshire"
"0","11","0","11","0","11","0","11","0","11","0","11","0","11","0","11","0","11","0","11","0","11","0","11","0","11","0","11","0","11","0","11","0","11","0","11","0","11","1400000US33011980101","Census Tract 9801.01, Hillsborough County, New Hampshire"
"1481","76","1481","76","1452","81","1293","96","10","15","149","57","29","26","29","26","0","11","0","11","0","11","0","11","0","11","0","11","0","11","0","11","0","11","0","11","0","11","1400000US33013003001","Census Tract 30.01, Merrimack County, New Hampshire"
"1311","78","1311","78","1283","84","1121","99","38","29","124","56","28","31","28","31","0","11","0","11","0","11","0","11","0","11","0","11","0","11","0","11","0","11","0","11","0","11","1400000US33013003006","Census Tract 30.06, Merrimack County, New Hampshire"
"1788","107","1788","107","1742","115","1384","134","134","93","224","95","46","34","34","29","12","17","0","11","0","11","0","11","0","11","0","11","0","11","0","11","0","11","0","11","0","11","1400000US33013003100","Census Tract 31, Merrimack County, New Hampshire"
"2690","164","2690","164","2650","169","1864","198","81","62","705","197","40","33","0","16","0","16","40","33","0","16","0","16","0","16","0","16","0","16","0","16","0","16","0","16","0","16","1400000US33013003200","Census Tract 32, Merrimack County, New Hampshire"
"938","45","938","45","938","45","871","47","4","7","63","25","0","11","0","11","0","11","0","11","0","11","0","11","0","11","0","11","0","11","0","11","0","11","0","11","0","11","1400000US33013030000","Census Tract 300, Merrimack County, New Hampshire"
"1349","68","1349","68","1349","68","1119","83","49","48","181","55","0","11","0","11","0","11","0","11","0","11","0","11","0","11","0","11","0","11","0","11","0","11","0","11","0","11","1400000US33013031001","Census Tract 310.01, Merrimack County, New Hampshire"
"1366","78","1366","78","1346","84","1284","101","9","14","53","42","20","28","20","28","0","11","0","11","0","11","0","11","0","11","0","11","0","11","0","11","0","11","0","11","0","11","1400000US33013031002","Census Tract 310.02, Merrimack County, New Hampshire"
"1454","75","1454","75","1446","76","727","105","117","52","602","99","8","12","0","11","8","12","0","11","0","11","0","11","0","11","0","11","0","11","0","11","0","11","0","11","0","11","1400000US33013032100","Census Tract 321, Merrimack County, New Hampshire"
"1262","97","1235","101","1226","105","330","100","80","60","816","97","9","16","0","11","0","11","9","16","27","42","27","42","0","11","0","11","27","42","0","11","0","11","0","11","0","11","1400000US33013032200","Census Tract 322, Merrimack County, New Hampshire"
"860","75","860","75","855","76","125","48","32","20","698","77","5","8","5","8","0","11","0","11","0","11","0","11","0","11","0","11","0","11","0","11","0","11","0","11","0","11","1400000US33013032300","Census Tract 323, Merrimack County, New Hampshire"
"1644","95","1618","104","1614","103","531","114","64","46","1019","123","4","7","4","7","0","11","0","11","26","27","26","27","0","11","0","11","26","27","0","11","0","11","0","11","0","11","1400000US33013032400","Census Tract 324, Merrimack County, New Hampshire"
"1323","101","1323","101","1323","101","687","145","64","42","572","116","0","11","0","11","0","11","0","11","0","11","0","11","0","11","0","11","0","11","0","11","0","11","0","11","0","11","1400000US33013032500","Census Tract 325, Merrimack County, New Hampshire"
"954","86","945","86","925","95","397","70","52","38","476","91","20","24","0","11","0","11","20","24","9","18","9","18","9","18","0","11","0","11","0","11","0","11","0","11","0","11","1400000US33013032600","Census Tract 326, Merrimack County, New Hampshire"
"544","58","544","58","544","58","390","60","13","12","141","44","0","11","0","11","0","11","0","11","0","11","0","11","0","11","0","11","0","11","0","11","0","11","0","11","0","11","1400000US33013032701","Census Tract 327.01, Merrimack County, New Hampshire"
"1525","74","1510","77","1407","109","1070","108","33","26","304","69","103","76","103","76","0","11","0","11","15","22","15","22","15","22","0","11","0","11","0","11","0","11","0","11","0","11","1400000US33013032706","Census Tract 327.06, Merrimack County, New Hampshire"
"1980","142","1980","142","1980","142","1791","153","14","24","175","78","0","16","0","16","0","16","0","16","0","16","0","16","0","16","0","16","0","16","0","16","0","16","0","16","0","16","1400000US33013032800","Census Tract 328, Merrimack County, New Hampshire"
"2237","129","2237","129","2143","165","2014","195","48","53","81","63","94","80","94","80","0","11","0","11","0","11","0","11","0","11","0","11","0","11","0","11","0","11","0","11","0","11","1400000US33013032900","Census Tract 329, Merrimack County, New Hampshire"
"969","55","969","55","959","56","772","68","17","14","170","47","10","14","10","14","0","11","0","11","0","11","0","11","0","11","0","11","0","11","0","11","0","11","0","11","0","11","1400000US33013033000","Census Tract 330, Merrimack County, New Hampshire"
"1787","124","1787","124","1728","134","1510","135","8","13","210","91","59","37","53","35","0","11","6","14","0","11","0","11","0","11","0","11","0","11","0","11","0","11","0","11","0","11","1400000US33013034000","Census Tract 340, Merrimack County, New Hampshire"
"1675","159","1675","159","1651","165","890","139","93","60","668","140","24","28","15","25","0","11","9","14","0","11","0","11","0","11","0","11","0","11","0","11","0","11","0","11","0","11","1400000US33013035000","Census Tract 350, Merrimack County, New Hampshire"
"2050","174","2050","174","2039","177","1661","243","12","19","366","136","11","17","11","17","0","16","0","16","0","16","0","16","0","16","0","16","0","16","0","16","0","16","0","16","0","16","1400000US33013036000","Census Tract 360, Merrimack County, New Hampshire"
"970","60","970","60","970","60","741","76","25","22","204","58","0","11","0","11","0","11","0","11","0","11","0","11","0","11","0","11","0","11","0","11","0","11","0","11","0","11","1400000US33013037000","Census Tract 370, Merrimack County, New Hampshire"
"1374","112","1374","112","1317","121","996","170","21","23","300","117","57","39","57","39","0","11","0","11","0","11","0","11","0","11","0","11","0","11","0","11","0","11","0","11","0","11","1400000US33013038000","Census Tract 380, Merrimack County, New Hampshire"
"1904","129","1861","129","1858","129","1426","137","21","14","411","70","3","4","3","4","0","11","0","11","43","35","43","35","36","34","0","11","7","7","0","11","0","11","0","11","0","11","1400000US33013038500","Census Tract 385, Merrimack County, New Hampshire"
"2193","126","2193","126","2185","128","1604","173","12","19","569","161","8","19","0","16","0","16","8","19","0","16","0","16","0","16","0","16","0","16","0","16","0","16","0","16","0","16","1400000US33013039000","Census Tract 390, Merrimack County, New Hampshire"
"1805","127","1805","127","1753","148","1251","184","18","19","484","128","52","48","45","46","0","11","7","12","0","11","0","11","0","11","0","11","0","11","0","11","0","11","0","11","0","11","1400000US33013040000","Census Tract 400, Merrimack County, New Hampshire"
"2326","98","2317","99","2283","109","1801","109","20","13","462","80","34","27","16","16","0","16","18","22","9","9","9","9","0","16","0","16","9","9","0","16","0","16","0","16","0","16","1400000US33013040500","Census Tract 405, Merrimack County, New Hampshire"
"1551","161","1537","163","1537","163","1147","160","79","47","311","87","0","11","0","11","0","11","0","11","14","22","14","22","0","11","14","22","0","11","0","11","0","11","0","11","0","11","1400000US33013041000","Census Tract 410, Merrimack County, New Hampshire"
"1558","82","1539","85","1507","84","1107","101","105","41","295","59","32","23","24","22","0","11","8","7","19","20","19","20","19","20","0","11","0","11","0","11","0","11","0","11","0","11","1400000US33013041500","Census Tract 415, Merrimack County, New Hampshire"
"1608","71","1605","72","1581","78","1032","98","23","15","526","97","24","22","19","20","0","11","5","9","3","5","3","5","3","5","0","11","0","11","0","11","0","11","0","11","0","11","1400000US33013042500","Census Tract 425, Merrimack County, New Hampshire"
"1841","146","1832","146","1822","146","890","166","131","85","801","146","10","16","0","11","0","11","10","16","9","14","9","14","9","14","0","11","0","11","0","11","0","11","0","11","0","11","1400000US33013043001","Census Tract 430.01, Merrimack County, New Hampshire"
"2068","163","2059","164","2031","169","1245","179","111","62","675","149","28","30","28","30","0","11","0","11","9","14","9","14","9","14","0","11","0","11","0","11","0","11","0","11","0","11","1400000US33013043002","Census Tract 430.02, Merrimack County, New Hampshire"
"1860","118","1843","118","1789","143","1390","152","73","72","326","91","54","43","54","43","0","11","0","11","17","18","17","18","9","13","8","13","0","11","0","11","0","11","0","11","0","11","1400000US33013044000","Census Tract 440, Merrimack County, New Hampshire"
"1722","95","1697","98","1635","113","1433","122","64","40","138","60","62","70","62","70","0","11","0","11","25","39","25","39","25","39","0","11","0","11","0","11","0","11","0","11","0","11","1400000US33013044100","Census Tract 441, Merrimack County, New Hampshire"
"2460","124","2460","124","2442","134","2263","145","0","16","179","89","18","28","18","28","0","16","0","16","0","16","0","16","0","16","0","16","0","16","0","16","0","16","0","16","0","16","1400000US33013044200","Census Tract 442, Merrimack County, New Hampshire"
"2025","89","2025","89","1990","98","1744","115","59","38","187","81","35","32","35","32","0","11","0","11","0","11","0","11","0","11","0","11","0","11","0","11","0","11","0","11","0","11","1400000US33013044300","Census Tract 443, Merrimack County, New Hampshire"
"1557","78","1557","78","1557","78","1243","109","42","30","272","95","0","11","0","11","0","11","0","11","0","11","0","11","0","11","0","11","0","11","0","11","0","11","0","11","0","11","1400000US33015003301","Census Tract 33.01, Rockingham County, New Hampshire"
"1816","110","1816","110","1720","116","1655","121","30","45","35","41","96","58","96","58","0","16","0","16","0","16","0","16","0","16","0","16","0","16","0","16","0","16","0","16","0","16","1400000US33015003302","Census Tract 33.02, Rockingham County, New Hampshire"
"2380","139","2380","139","2357","142","1805","214","20","33","532","164","23","28","23","28","0","16","0","16","0","16","0","16","0","16","0","16","0","16","0","16","0","16","0","16","0","16","1400000US33015003400","Census Tract 34, Rockingham County, New Hampshire"
"2548","187","2486","194","2398","214","1784","231","97","66","517","157","88","66","57","53","0","16","31","46","62","96","62","96","0","16","0","16","62","96","0","16","0","16","0","16","0","16","1400000US33015003500","Census Tract 35, Rockingham County, New Hampshire"
"2435","147","2435","147","2370","164","2131","196","48","45","191","145","65","83","65","83","0","16","0","16","0","16","0","16","0","16","0","16","0","16","0","16","0","16","0","16","0","16","1400000US33015003601","Census Tract 36.01, Rockingham County, New Hampshire"
"2005","92","2005","92","1921","106","1821","114","33","30","67","50","84","88","84","88","0","16","0","16","0","16","0","16","0","16","0","16","0","16","0","16","0","16","0","16","0","16","1400000US33015003602","Census Tract 36.02, Rockingham County, New Hampshire"
"1536","79","1536","79","1507","81","1399","99","22","23","86","53","29","45","29","45","0","11","0","11","0","11","0","11","0","11","0","11","0","11","0","11","0","11","0","11","0","11","1400000US33015003701","Census Tract 37.01, Rockingham County, New Hampshire"
"2137","114","2137","114","2129","116","2015","123","25","31","89","58","8","12","0","16","8","12","0","16","0","16","0","16","0","16","0","16","0","16","0","16","0","16","0","16","0","16","1400000US33015003703","Census Tract 37.03, Rockingham County, New Hampshire"
"1325","50","1325","50","1308","60","1263","68","0","11","45","35","17","25","17","25","0","11","0","11","0","11","0","11","0","11","0","11","0","11","0","11","0","11","0","11","0","11","1400000US33015003801","Census Tract 38.01, Rockingham County, New Hampshire"
"1449","61","1449","61","1444","62","1433","62","0","11","11","17","5","7","5","7","0","11","0","11","0","11","0","11","0","11","0","11","0","11","0","11","0","11","0","11","0","11","1400000US33015003802","Census Tract 38.02, Rockingham County, New Hampshire"
"1712","85","1699","91","1687","90","1675","96","0","11","12","19","12","19","12","19","0","11","0","11","13","22","13","22","13","22","0","11","0","11","0","11","0","11","0","11","0","11","1400000US33015003901","Census Tract 39.01, Rockingham County, New Hampshire"
"1179","49","1179","49","1179","49","1060","67","44","46","75","56","0","11","0","11","0","11","0","11","0","11","0","11","0","11","0","11","0","11","0","11","0","11","0","11","0","11","1400000US33015003902","Census Tract 39.02, Rockingham County, New Hampshire"
"1973","91","1973","91","1973","91","1649","106","51","32","273","91","0","16","0","16","0","16","0","16","0","16","0","16","0","16","0","16","0","16","0","16","0","16","0","16","0","16","1400000US33015004000","Census Tract 40, Rockingham County, New Hampshire"
"1537","80","1517","86","1517","86","1191","101","59","60","267","91","0","11","0","11","0","11","0","11","20","30","20","30","0","11","0","11","20","30","0","11","0","11","0","11","0","11","1400000US33015050000","Census Tract 500, Rockingham County, New Hampshire"
"1687","101","1687","101","1687","101","1450","128","11","18","226","77","0","16","0","16","0","16","0","16","0","16","0","16","0","16","0","16","0","16","0","16","0","16","0","16","0","16","1400000US33015051000","Census Tract 510, Rockingham County, New Hampshire"
"2229","137","2229","137","2165","166","2009","181","18","31","138","73","64","55","64","55","0","16","0","16","0","16","0","16","0","16","0","16","0","16","0","16","0","16","0","16","0","16","1400000US33015052000","Census Tract 520, Rockingham County, New Hampshire"
"1685","93","1680","92","1668","93","1556","101","0","11","112","42","12","21","12","21","0","11","0","11","5","10","5","10","5","10","0","11","0","11","0","11","0","11","0","11","0","11","1400000US33015053000","Census Tract 530, Rockingham County, New Hampshire"
"1764","77","1764","77","1764","77","1476","100","45","33","243","83","0","11","0","11","0","11","0","11","0","11","0","11","0","11","0","11","0","11","0","11","0","11","0","11","0","11","1400000US33015054000","Census Tract 540, Rockingham County, New Hampshire"
"2261","133","2248","135","2145","196","2131","197","0","16","14","24","103","94","103","94","0","16","0","16","13","22","13","22","13","22","0","16","0","16","0","16","0","16","0","16","0","16","1400000US33015055001","Census Tract 550.01, Rockingham County, New Hampshire"
"1851","130","1811","139","1781","144","1485","155","59","38","237","106","30","32","22","27","0","11","8","15","40","60","40","60","0","11","0","11","40","60","0","11","0","11","0","11","0","11","1400000US33015055002","Census Tract 550.02, Rockingham County, New Hampshire"
"1653","86","1641","88","1621","95","1229","115","9","13","383","105","20","21","14","17","0","11","6","11","12","18","12","18","12","18","0","11","0","11","0","11","0","11","0","11","0","11","1400000US33015056000","Census Tract 560, Rockingham County, New Hampshire"
"1611","107","1611","107","1595","114","1164","125","42","28","389","91","16","18","9","13","0","11","7","11","0","11","0","11","0","11","0","11","0","11","0","11","0","11","0","11","0","11","1400000US33015057000","Census Tract 570, Rockingham County, New Hampshire"
"1900","108","1900","108","1900","108","1549","149","42","35","309","112","0","16","0","16","0","16","0","16","0","16","0","16","0","16","0","16","0","16","0","16","0","16","0","16","0","16","1400000US33015058000","Census Tract 580, Rockingham County, New Hampshire"
"2680","155","2680","155","2621","186","2240","205","0","16","381","154","59","79","59","79","0","16","0","16","0","16","0","16","0","16","0","16","0","16","0","16","0","16","0","16","0","16","1400000US33015059000","Census Tract 590, Rockingham County, New Hampshire"
"1533","82","1526","83","1485","92","1305","92","10","15","170","76","41","32","21","24","12","17","8","13","7","11","7","11","7","11","0","11","0","11","0","11","0","11","0","11","0","11","1400000US33015060000","Census Tract 600, Rockingham County, New Hampshire"
"2764","143","2764","143","2708","155","2225","190","170","106","313","106","56","70","0","16","0","16","56","70","0","16","0","16","0","16","0","16","0","16","0","16","0","16","0","16","0","16","1400000US33015061001","Census Tract 610.01, Rockingham County, New Hampshire"
"888","65","888","65","888","65","750","67","26","30","112","46","0","11","0","11","0","11","0","11","0","11","0","11","0","11","0","11","0","11","0","11","0","11","0","11","0","11","1400000US33015062000","Census Tract 620, Rockingham County, New Hampshire"
"1147","75","1143","75","1140","74","902","61","22","12","216","49","3","5","3","5","0","11","0","11","4","5","4","5","4","5","0","11","0","11","0","11","0","11","0","11","0","11","1400000US33015062500","Census Tract 625, Rockingham County, New Hampshire"
"1648","127","1618","129","1589","137","1484","145","39","32","66","41","29","47","29","47","0","11","0","11","30","35","17","28","17","28","0","11","0","11","13","22","0","11","0","11","13","22","1400000US33015063001","Census Tract 630.01, Rockingham County, New Hampshire"
"2176","156","2176","156","2145","165","1829","209","84","59","232","110","31","47","31","47","0","11","0","11","0","11","0","11","0","11","0","11","0","11","0","11","0","11","0","11","0","11","1400000US33015063002","Census Tract 630.02, Rockingham County, New Hampshire"
"909","54","909","54","909","54","712","60","8","11","189","52","0","11","0","11","0","11","0","11","0","11","0","11","0","11","0","11","0","11","0","11","0","11","0","11","0","11","1400000US33015064000","Census Tract 640, Rockingham County, New Hampshire"
"3387","147","3387","147","3339","158","2949","182","122","71","268","97","48","54","48","54","0","16","0","16","0","16","0","16","0","16","0","16","0","16","0","16","0","16","0","16","0","16","1400000US33015065001","Census Tract 650.01, Rockingham County, New Hampshire"
"1221","116","1210","118","1187","120","1052","120","31","28","104","50","23","25","23","25","0","11","0","11","11","17","11","17","11","17","0","11","0","11","0","11","0","11","0","11","0","11","1400000US33015065005","Census Tract 650.05, Rockingham County, New Hampshire"
"727","64","714","66","709","63","592","67","29","21","88","39","5","8","5","8","0","11","0","11","13","15","13","15","13","15","0","11","0","11","0","11","0","11","0","11","0","11","1400000US33015065006","Census Tract 650.06, Rockingham County, New Hampshire"
"830","82","830","82","824","82","606","79","64","42","154","67","6","8","0","11","6","8","0","11","0","11","0","11","0","11","0","11","0","11","0","11","0","11","0","11","0","11","1400000US33015065007","Census Tract 650.07, Rockingham County, New Hampshire"
"923","116","906","115","890","116","611","105","101","55","178","66","16","11","6","9","5","7","5","7","17","26","17","26","17","26","0","11","0","11","0","11","0","11","0","11","0","11","1400000US33015065008","Census Tract 650.08, Rockingham County, New Hampshire"
"1820","118","1820","118","1820","118","1482","137","17","18","321","84","0","11","0","11","0","11","0","11","0","11","0","11","0","11","0","11","0","11","0","11","0","11","0","11","0","11","1400000US33015066000","Census Tract 660, Rockingham County, New Hampshire"
"2817","137","2817","137","2801","141","2633","166","10","17","158","99","16","26","16","26","0","16","0","16","0","16","0","16","0","16","0","16","0","16","0","16","0","16","0","16","0","16","1400000US33015067000","Census Tract 670, Rockingham County, New Hampshire"
"2957","144","2957","144","2926","152","2437","179","64","85","425","98","31","33","13","21","0","16","18","27","0","16","0","16","0","16","0","16","0","16","0","16","0","16","0","16","0","16","1400000US33015067501","Census Tract 675.01, Rockingham County, New Hampshire"
"1678","110","1666","115","1644","117","1046","124","24","26","574","111","22","25","0","11","0","11","22","25","12","18","12","18","0","11","0","11","12","18","0","11","0","11","0","11","0","11","1400000US33015067502","Census Tract 675.02, Rockingham County, New Hampshire"
"2174","146","2174","146","2174","146","802","168","0","11","1372","177","0","11","0","11","0","11","0","11","0","11","0","11","0","11","0","11","0","11","0","11","0","11","0","11","0","11","1400000US33015069100","Census Tract 691, Rockingham County, New Hampshire"
"1464","96","1464","96","1457","99","465","116","57","42","935","125","7","12","7","12","0","11","0","11","0","11","0","11","0","11","0","11","0","11","0","11","0","11","0","11","0","11","1400000US33015069200","Census Tract 692, Rockingham County, New Hampshire"
"1042","82","1042","82","1042","82","340","74","87","58","615","93","0","11","0","11","0","11","0","11","0","11","0","11","0","11","0","11","0","11","0","11","0","11","0","11","0","11","1400000US33015069300","Census Tract 693, Rockingham County, New Hampshire"
"1395","110","1395","110","1384","112","788","121","133","59","463","96","11","18","11","18","0","11","0","11","0","11","0","11","0","11","0","11","0","11","0","11","0","11","0","11","0","11","1400000US33015069700","Census Tract 697, Rockingham County, New Hampshire"
"2364","153","2364","153","2364","153","1930","170","112","112","322","110","0","16","0","16","0","16","0","16","0","16","0","16","0","16","0","16","0","16","0","16","0","16","0","16","0","16","1400000US33015071000","Census Tract 710, Rockingham County, New Hampshire"
"2496","133","2496","133","2423","164","2336","169","47","43","40","36","73","73","73","73","0","16","0","16","0","16","0","16","0","16","0","16","0","16","0","16","0","16","0","16","0","16","1400000US33015100100","Census Tract 1001, Rockingham County, New Hampshire"
"2161","103","2161","103","2071","148","1952","152","93","67","26","25","90","88","90","88","0","16","0","16","0","16","0","16","0","16","0","16","0","16","0","16","0","16","0","16","0","16","1400000US33015100200","Census Tract 1002, Rockingham County, New Hampshire"
"1753","103","1741","100","1705","102","1493","136","38","45","174","85","36","28","27","24","9","16","0","11","12","19","12","19","12","19","0","11","0","11","0","11","0","11","0","11","0","11","1400000US33015100301","Census Tract 1003.01, Rockingham County, New Hampshire"
"1862","112","1862","112","1825","118","1759","129","28","26","38","31","37","40","37","40","0","11","0","11","0","11","0","11","0","11","0","11","0","11","0","11","0","11","0","11","0","11","1400000US33015100302","Census Tract 1003.02, Rockingham County, New Hampshire"
"3264","150","3264","150","3264","150","2890","196","144","91","230","102","0","16","0","16","0","16","0","16","0","16","0","16","0","16","0","16","0","16","0","16","0","16","0","16","0","16","1400000US33015100400","Census Tract 1004, Rockingham County, New Hampshire"
"3119","164","3104","168","3090","167","2686","206","125","107","279","151","14","24","0","16","0","16","14","24","15","23","15","23","15","23","0","16","0","16","0","16","0","16","0","16","0","16","1400000US33015101100","Census Tract 1011, Rockingham County, New Hampshire"
"1853","107","1853","107","1853","107","1478","111","93","59","282","87","0","11","0","11","0","11","0","11","0","11","0","11","0","11","0","11","0","11","0","11","0","11","0","11","0","11","1400000US33015102100","Census Tract 1021, Rockingham County, New Hampshire"
"2745","185","2745","185","2717","188","2498","224","18","28","201","104","28","34","28","34","0","16","0","16","0","16","0","16","0","16","0","16","0","16","0","16","0","16","0","16","0","16","1400000US33015103100","Census Tract 1031, Rockingham County, New Hampshire"
"2042","99","2014","109","1991","118","1906","126","0","11","85","63","23","34","0","11","23","34","0","11","28","46","28","46","28","46","0","11","0","11","0","11","0","11","0","11","0","11","1400000US33015104101","Census Tract 1041.01, Rockingham County, New Hampshire"
"1531","86","1531","86","1521","85","1242","100","57","42","222","75","10","16","10","16","0","11","0","11","0","11","0","11","0","11","0","11","0","11","0","11","0","11","0","11","0","11","1400000US33015104102","Census Tract 1041.02, Rockingham County, New Hampshire"
"2411","198","2411","198","2388","200","1841","147","51","46","496","184","23","37","23","37","0","16","0","16","0","16","0","16","0","16","0","16","0","16","0","16","0","16","0","16","0","16","1400000US33015105100","Census Tract 1051, Rockingham County, New Hampshire"
"2600","146","2600","146","2583","150","2499","146","10","18","74","48","17","27","17","27","0","16","0","16","0","16","0","16","0","16","0","16","0","16","0","16","0","16","0","16","0","16","1400000US33015106101","Census Tract 1061.01, Rockingham County, New Hampshire"
"2409","140","2409","140","2409","140","2274","110","91","88","44","47","0","16","0","16","0","16","0","16","0","16","0","16","0","16","0","16","0","16","0","16","0","16","0","16","0","16","1400000US33015106102","Census Tract 1061.02, Rockingham County, New Hampshire"
"1875","119","1875","119","1868","121","1311","135","73","44","484","110","7","12","7","12","0","11","0","11","0","11","0","11","0","11","0","11","0","11","0","11","0","11","0","11","0","11","1400000US33015106200","Census Tract 1062, Rockingham County, New Hampshire"
"1903","126","1903","126","1885","127","1441","146","69","40","375","110","18","27","18","27","0","11","0","11","0","11","0","11","0","11","0","11","0","11","0","11","0","11","0","11","0","11","1400000US33015106400","Census Tract 1064, Rockingham County, New Hampshire"
"1152","58","1152","58","1136","62","998","94","54","49","84","55","16","18","16","18","0","11","0","11","0","11","0","11","0","11","0","11","0","11","0","11","0","11","0","11","0","11","1400000US33015107100","Census Tract 1071, Rockingham County, New Hampshire"
"2807","128","2807","128","2794","132","2570","151","25","30","199","102","13","21","0","16","0","16","13","21","0","16","0","16","0","16","0","16","0","16","0","16","0","16","0","16","0","16","1400000US33015107200","Census Tract 1072, Rockingham County, New Hampshire"
"465","37","465","37","465","37","253","39","172","33","40","23","0","11","0","11","0","11","0","11","0","11","0","11","0","11","0","11","0","11","0","11","0","11","0","11","0","11","1400000US33015107400","Census Tract 1074, Rockingham County, New Hampshire"
"1823","87","1792","97","1790","97","1597","112","46","25","147","60","2","4","2","4","0","11","0","11","31","46","0","11","0","11","0","11","0","11","31","46","31","46","0","11","0","11","1400000US33015107500","Census Tract 1075, Rockingham County, New Hampshire"
"0","11","0","11","0","11","0","11","0","11","0","11","0","11","0","11","0","11","0","11","0","11","0","11","0","11","0","11","0","11","0","11","0","11","0","11","0","11","1400000US33015980011","Census Tract 9800.11, Rockingham County, New Hampshire"
"0","11","0","11","0","11","0","11","0","11","0","11","0","11","0","11","0","11","0","11","0","11","0","11","0","11","0","11","0","11","0","11","0","11","0","11","0","11","1400000US33015990000","Census Tract 9900, Rockingham County, New Hampshire"
"1028","100","1004","106","1004","106","840","107","36","26","128","50","0","11","0","11","0","11","0","11","24","37","24","37","24","37","0","11","0","11","0","11","0","11","0","11","0","11","1400000US33017080100","Census Tract 801, Strafford County, New Hampshire"
"1051","100","1031","101","1031","101","856","120","32","34","143","79","0","11","0","11","0","11","0","11","20","31","20","31","20","31","0","11","0","11","0","11","0","11","0","11","0","11","1400000US33017080202","Census Tract 802.02, Strafford County, New Hampshire"
"629","97","620","96","594","93","449","82","70","45","75","34","26","18","26","18","0","16","0","16","9","14","9","14","0","16","0","16","9","14","0","16","0","16","0","16","0","16","1400000US33017080203","Census Tract 802.03, Strafford County, New Hampshire"
"479","75","475","75","475","75","352","73","48","34","75","36","0","16","0","16","0","16","0","16","4","6","4","6","4","6","0","16","0","16","0","16","0","16","0","16","0","16","1400000US33017080204","Census Tract 802.04, Strafford County, New Hampshire"
"2491","183","2487","183","2468","189","2196","201","44","70","228","98","19","25","19","25","0","16","0","16","4","7","0","16","0","16","0","16","0","16","4","7","4","7","0","16","0","16","1400000US33017080500","Census Tract 805, Strafford County, New Hampshire"
"3064","172","3050","176","3013","187","2926","187","15","24","72","59","37","43","37","43","0","16","0","16","14","23","14","23","14","23","0","16","0","16","0","16","0","16","0","16","0","16","1400000US33017081100","Census Tract 811, Strafford County, New Hampshire"
"2051","133","2041","133","2007","131","1669","159","77","52","261","89","34","52","34","52","0","16","0","16","10","16","10","16","0","16","0","16","10","16","0","16","0","16","0","16","0","16","1400000US33017081200","Census Tract 812, Strafford County, New Hampshire"
"2344","139","2310","144","2290","147","1033","189","87","60","1170","191","20","32","0","11","0","11","20","32","34","51","34","51","0","11","0","11","34","51","0","11","0","11","0","11","0","11","1400000US33017081300","Census Tract 813, Strafford County, New Hampshire"
"985","81","985","81","967","89","512","85","35","24","420","84","18","24","18","24","0","11","0","11","0","11","0","11","0","11","0","11","0","11","0","11","0","11","0","11","0","11","1400000US33017081400","Census Tract 814, Strafford County, New Hampshire"
"2732","163","2732","163","2732","163","1728","222","107","66","897","206","0","16","0","16","0","16","0","16","0","16","0","16","0","16","0","16","0","16","0","16","0","16","0","16","0","16","1400000US33017081500","Census Tract 815, Strafford County, New Hampshire"
"2313","122","2276","133","2218","132","1739","199","175","96","304","110","58","58","58","58","0","16","0","16","37","58","37","58","37","58","0","16","0","16","0","16","0","16","0","16","0","16","1400000US33017081600","Census Tract 816, Strafford County, New Hampshire"
"1040","61","1040","61","1033","62","611","72","61","41","361","77","7","9","7","9","0","11","0","11","0","11","0","11","0","11","0","11","0","11","0","11","0","11","0","11","0","11","1400000US33017082000","Census Tract 820, Strafford County, New Hampshire"
"2882","200","2882","200","2818","206","1263","240","200","119","1355","225","64","57","38","42","0","16","26","42","0","16","0","16","0","16","0","16","0","16","0","16","0","16","0","16","0","16","1400000US33017083001","Census Tract 830.01, Strafford County, New Hampshire"
"2245","169","2245","169","2245","169","2065","192","109","66","71","69","0","11","0","11","0","11","0","11","0","11","0","11","0","11","0","11","0","11","0","11","0","11","0","11","0","11","1400000US33017083002","Census Tract 830.02, Strafford County, New Hampshire"
"2130","110","2130","110","2110","111","1828","157","99","71","183","79","20","32","20","32","0","11","0","11","0","11","0","11","0","11","0","11","0","11","0","11","0","11","0","11","0","11","1400000US33017084100","Census Tract 841, Strafford County, New Hampshire"
"3224","216","3092","232","3071","233","2676","263","109","94","286","109","21","32","21","32","0","16","0","16","132","140","132","140","83","124","0","16","49","80","0","16","0","16","0","16","0","16","1400000US33017084200","Census Tract 842, Strafford County, New Hampshire"
"2938","161","2875","161","2822","173","1516","187","200","120","1106","214","53","71","0","16","0","16","53","71","63","77","63","77","0","16","0","16","63","77","0","16","0","16","0","16","0","16","1400000US33017084300","Census Tract 843, Strafford County, New Hampshire"
"1676","103","1676","103","1638","105","928","118","195","78","515","113","38","38","38","38","0","11","0","11","0","11","0","11","0","11","0","11","0","11","0","11","0","11","0","11","0","11","1400000US33017084400","Census Tract 844, Strafford County, New Hampshire"
"1574","113","1566","115","1522","122","1294","128","40","32","188","89","44","47","44","47","0","11","0","11","8","12","8","12","8","12","0","11","0","11","0","11","0","11","0","11","0","11","1400000US33017084500","Census Tract 845, Strafford County, New Hampshire"
"1238","96","1238","96","1185","107","1119","109","30","26","36","24","53","57","53","57","0","11","0","11","0","11","0","11","0","11","0","11","0","11","0","11","0","11","0","11","0","11","1400000US33017084600","Census Tract 846, Strafford County, New Hampshire"
"3183","200","3164","203","3127","230","2847","232","37","61","243","145","37","53","37","53","0","16","0","16","19","29","19","29","19","29","0","16","0","16","0","16","0","16","0","16","0","16","1400000US33017085000","Census Tract 850, Strafford County, New Hampshire"
"1395","85","1395","85","1395","85","1116","108","21","24","258","91","0","11","0","11","0","11","0","11","0","11","0","11","0","11","0","11","0","11","0","11","0","11","0","11","0","11","1400000US33017086000","Census Tract 860, Strafford County, New Hampshire"
"2868","200","2850","204","2769","238","1667","289","127","96","975","237","81","84","64","80","0","16","17","26","18","30","18","30","0","16","18","30","0","16","0","16","0","16","0","16","0","16","1400000US33017087000","Census Tract 870, Strafford County, New Hampshire"
"1811","105","1783","113","1757","115","1374","105","20","25","363","87","26","27","26","27","0","11","0","11","28","45","28","45","0","11","28","45","0","11","0","11","0","11","0","11","0","11","1400000US33017088000","Census Tract 880, Strafford County, New Hampshire"
"1611","78","1611","78","1564","86","1379","91","38","33","147","50","47","28","26","20","18","18","3","5","0","11","0","11","0","11","0","11","0","11","0","11","0","11","0","11","0","11","1400000US33017088500","Census Tract 885, Strafford County, New Hampshire"
"1656","104","1627","103","1602","107","1080","94","27","14","495","83","25","24","20","23","0","11","5","7","29","35","29","35","29","35","0","11","0","11","0","11","0","11","0","11","0","11","1400000US33019975100","Census Tract 9751, Sullivan County, New Hampshire"
"1957","179","1957","179","1933","181","1682","177","3","4","248","68","24","25","24","25","0","11","0","11","0","11","0","11","0","11","0","11","0","11","0","11","0","11","0","11","0","11","1400000US33019975200","Census Tract 9752, Sullivan County, New Hampshire"
"1393","139","1393","139","1393","139","1123","148","0","11","270","102","0","11","0","11","0","11","0","11","0","11","0","11","0","11","0","11","0","11","0","11","0","11","0","11","0","11","1400000US33019975300","Census Tract 9753, Sullivan County, New Hampshire"
"2600","168","2600","168","2600","168","1672","248","229","122","699","203","0","16","0","16","0","16","0","16","0","16","0","16","0","16","0","16","0","16","0","16","0","16","0","16","0","16","1400000US33019975400","Census Tract 9754, Sullivan County, New Hampshire"
"1207","98","1179","100","1156","96","949","92","14","11","193","52","23","13","23","13","0","11","0","11","28","24","28","24","25","23","0","11","3","5","0","11","0","11","0","11","0","11","1400000US33019975500","Census Tract 9755, Sullivan County, New Hampshire"
"1198","90","1167","90","1165","90","919","84","30","23","216","50","2","3","2","3","0","11","0","11","31","22","31","22","31","22","0","11","0","11","0","11","0","11","0","11","0","11","1400000US33019975600","Census Tract 9756, Sullivan County, New Hampshire"
"2086","184","2045","177","2045","177","1471","210","77","66","497","150","0","16","0","16","0","16","0","16","41","65","41","65","41","65","0","16","0","16","0","16","0","16","0","16","0","16","1400000US33019975700","Census Tract 9757, Sullivan County, New Hampshire"
"1937","154","1937","154","1937","154","1111","170","306","91","520","153","0","16","0","16","0","16","0","16","0","16","0","16","0","16","0","16","0","16","0","16","0","16","0","16","0","16","1400000US33019975800","Census Tract 9758, Sullivan County, New Hampshire"
"1875","162","1875","162","1867","163","1133","174","125","78","609","157","8","16","0","11","0","11","8","16","0","11","0","11","0","11","0","11","0","11","0","11","0","11","0","11","0","11","1400000US33019975901","Census Tract 9759.01, Sullivan County, New Hampshire"
"1419","149","1419","149","1393","150","477","124","71","40","845","127","26","41","0","11","0","11","26","41","0","11","0","11","0","11","0","11","0","11","0","11","0","11","0","11","0","11","1400000US33019975902","Census Tract 9759.02, Sullivan County, New Hampshire"
"532037","2311","529212","2380","521340","2523","400243","2988","18210","950","102887","2060","7872","609","5576","524","149","65","2147","321","2825","439","2737","443","1849","353","109","70","779","241","88","58","57","49","0","27","31","32","0400000US33","New Hampshire"
