"B02001_001E","B02001_001M","B02001_002E","B02001_002M","B02001_003E","B02001_003M","B02001_004E","B02001_004M","B02001_005E","B02001_005M","B02001_006E","B02001_006M","B02001_007E","B02001_007M","B02001_008E","B02001_008M","B02001_009E","B02001_009M","B02001_010E","B02001_010M","GEO_ID","NAME"
"Estimate!!Total:","Margin of Error!!Total:","Estimate!!Total:!!White alone","Margin of Error!!Total:!!White alone","Estimate!!Total:!!Black or African American alone","Margin of Error!!Total:!!Black or African American alone","Estimate!!Total:!!American Indian and Alaska Native alone","Margin of Error!!Total:!!American Indian and Alaska Native alone","Estimate!!Total:!!Asian alone","Margin of Error!!Total:!!Asian alone","Estimate!!Total:!!Native Hawaiian and Other Pacific Islander alone","Margin of Error!!Total:!!Native Hawaiian and Other Pacific Islander alone","Estimate!!Total:!!Some other race alone","Margin of Error!!Total:!!Some other race alone","Estimate!!Total:!!Two or more races:","Margin of Error!!Total:!!Two or more races:","Estimate!!Total:!!Two or more races:!!Two races including Some other race","Margin of Error!!Total:!!Two or more races:!!Two races including Some other race","Estimate!!Total:!!Two or more races:!!Two races excluding Some other race, and three or more races","Margin of Error!!Total:!!Two or more races:!!Two races excluding Some other race, and three or more races","id","Geographic Area Name"
"3301","20","3126","97","71","58","0","11","41","40","0","11","0","11","63","57","4","7","59","56","1400000US33001965100","Census Tract 9651, Belknap County, New Hampshire"
"3208","245","3048","263","0","11","21","33","0","11","0","11","0","11","139","94","19","32","120","93","1400000US33001965200","Census Tract 9652, Belknap County, New Hampshire"
"3183","245","3152","252","15","25","0","11","0","11","0","11","16","26","0","11","0","11","0","11","1400000US33001965300","Census Tract 9653, Belknap County, New Hampshire"
"2983","17","2865","110","15","16","0","11","55","58","10","14","0","11","38","44","0","11","38","44","1400000US33001965400","Census Tract 9654, Belknap County, New Hampshire"
"3551","19","3442","62","35","46","3","6","31","34","0","11","0","11","40","31","0","11","40","31","1400000US33001965598","Census Tract 9655.98, Belknap County, New Hampshire"
"3738","19","3598","107","20","28","7","14","39","47","0","11","20","32","54","63","0","11","54","63","1400000US33001965600","Census Tract 9656, Belknap County, New Hampshire"
"4680","29","4408","120","0","11","132","119","60","51","0","11","0","11","80","64","0","11","80","64","1400000US33001965700","Census Tract 9657, Belknap County, New Hampshire"
"7311","15","7049","172","0","16","35","53","145","160","0","16","0","16","82","81","0","16","82","81","1400000US33001965800","Census Tract 9658, Belknap County, New Hampshire"
"4026","253","3922","257","2","4","0","11","34","42","0","11","0","11","68","90","0","11","68","90","1400000US33001965900","Census Tract 9659, Belknap County, New Hampshire"
"5359","379","5186","379","3","6","0","16","0","16","0","16","42","112","128","91","0","16","128","91","1400000US33001966000","Census Tract 9660, Belknap County, New Hampshire"
"4130","344","3849","341","143","141","0","11","84","72","0","11","0","11","54","40","0","11","54","40","1400000US33001966100","Census Tract 9661, Belknap County, New Hampshire"
"2961","261","2853","263","76","87","11","14","0","11","0","11","3","7","18","22","0","11","18","22","1400000US33001966200","Census Tract 9662, Belknap County, New Hampshire"
"1213","164","1191","167","0","11","0","11","22","32","0","11","0","11","0","11","0","11","0","11","1400000US33001966401","Census Tract 9664.01, Belknap County, New Hampshire"
"5940","161","5755","208","0","16","8","19","28","40","0","16","0","16","149","122","27","48","122","112","1400000US33001966402","Census Tract 9664.02, Belknap County, New Hampshire"
"5303","23","5220","84","20","35","0","16","30","43","0","16","16","29","17","28","0","16","17","28","1400000US33001966500","Census Tract 9665, Belknap County, New Hampshire"
"3890","228","3876","229","4","6","0","11","6","9","0","11","3","5","1","4","0","11","1","4","1400000US33003955100","Census Tract 9551, Carroll County, New Hampshire"
"6319","433","6205","445","0","16","0","16","25","33","0","16","0","16","89","66","0","16","89","66","1400000US33003955300","Census Tract 9553, Carroll County, New Hampshire"
"4180","426","4113","427","1","3","0","11","11","18","0","11","0","11","55","63","0","11","55","63","1400000US33003955400","Census Tract 9554, Carroll County, New Hampshire"
"2818","80","2648","129","58","66","0","11","36","47","0","11","0","11","76","64","0","11","76","64","1400000US33003955500","Census Tract 9555, Carroll County, New Hampshire"
"5137","207","4949","225","39","62","3","4","58","47","0","16","2","4","86","65","0","16","86","65","1400000US33003955600","Census Tract 9556, Carroll County, New Hampshire"
"2979","197","2862","225","0","11","0","11","18","24","0","11","4","8","95","72","0","11","95","72","1400000US33003955800","Census Tract 9558, Carroll County, New Hampshire"
"4334","26","3986","132","123","89","28","43","0","11","0","11","0","11","197","116","27","42","170","109","1400000US33003955900","Census Tract 9559, Carroll County, New Hampshire"
"5849","191","5847","189","0","16","0","16","0","16","0","16","0","16","2","5","0","16","2","5","1400000US33003956000","Census Tract 9560, Carroll County, New Hampshire"
"6320","18","6184","121","0","16","0","16","125","120","0","16","2","4","9","20","0","16","9","20","1400000US33003956100","Census Tract 9561, Carroll County, New Hampshire"
"4099","28","3926","86","1","2","0","11","48","38","12","21","33","41","79","64","0","11","79","64","1400000US33003956300","Census Tract 9563, Carroll County, New Hampshire"
"2213","215","2177","210","0","11","0","11","0","11","0","11","0","11","36","41","0","11","36","41","1400000US33003956400","Census Tract 9564, Carroll County, New Hampshire"
"4212","208","4089","198","8","11","7","13","18","15","0","11","42","36","48","34","7","12","41","32","1400000US33005970100","Census Tract 9701, Cheshire County, New Hampshire"
"3936","20","3827","109","72","98","19","34","0","11","0","11","0","11","18","21","0","11","18","21","1400000US33005970200","Census Tract 9702, Cheshire County, New Hampshire"
"5225","213","5048","204","27","29","26","24","15","13","0","16","10","10","99","77","3","5","96","75","1400000US33005970400","Census Tract 9704, Cheshire County, New Hampshire"
"5283","16","5043","149","0","16","0","16","77","68","0","16","76","94","87","75","0","16","87","75","1400000US33005970500","Census Tract 9705, Cheshire County, New Hampshire"
"6054","17","5669","200","79","44","0","16","25","27","0","16","30","40","251","139","91","103","160","91","1400000US33005970600","Census Tract 9706, Cheshire County, New Hampshire"
"3433","223","3419","222","0","11","3","4","5","7","0","11","0","11","6","7","4","6","2","5","1400000US33005970700","Census Tract 9707, Cheshire County, New Hampshire"
"4399","225","4117","273","1","3","45","34","66","68","6","11","17","19","147","88","5","7","142","87","1400000US33005970800","Census Tract 9708, Cheshire County, New Hampshire"
"7199","20","6849","165","6","10","8","13","124","82","0","16","0","16","212","129","18","30","194","129","1400000US33005970900","Census Tract 9709, Cheshire County, New Hampshire"
"5160","300","4617","319","35","39","0","16","356","211","23","37","0","16","129","105","0","16","129","105","1400000US33005971000","Census Tract 9710, Cheshire County, New Hampshire"
"5119","390","4700","431","238","182","0","16","64","77","0","16","24","40","93","73","26","35","67","63","1400000US33005971100","Census Tract 9711, Cheshire County, New Hampshire"
"3157","251","2964","245","41","38","0","11","69","101","0","11","0","11","83","61","16","26","67","54","1400000US33005971300","Census Tract 9713, Cheshire County, New Hampshire"
"5615","447","5210","428","92","48","25","23","4","9","0","16","8","12","276","114","0","16","276","114","1400000US33005971401","Census Tract 9714.01, Cheshire County, New Hampshire"
"3902","218","3794","205","0","11","0","11","74","61","0","11","0","11","34","28","0","11","34","28","1400000US33005971402","Census Tract 9714.02, Cheshire County, New Hampshire"
"5197","317","5111","326","36","27","10","12","6","12","0","16","6","15","28","32","0","16","28","32","1400000US33005971500","Census Tract 9715, Cheshire County, New Hampshire"
"3911","17","3763","107","23","22","0","11","0","11","10","15","13","19","102","94","0","11","102","94","1400000US33005971600","Census Tract 9716, Cheshire County, New Hampshire"
"4240","48","4132","88","24","29","4","6","56","61","0","11","0","11","24","24","0","11","24","24","1400000US33005971700","Census Tract 9717, Cheshire County, New Hampshire"
"2040","182","1965","181","3","6","4","6","0","11","7","13","0","11","61","45","6","13","55","44","1400000US33007950100","Census Tract 9501, Coos County, New Hampshire"
"2541","135","2507","133","0","11","3","4","0","11","0","11","5","7","26","23","4","6","22","22","1400000US33007950200","Census Tract 9502, Coos County, New Hampshire"
"1888","118","1875","118","0","11","4","7","5","6","0","11","0","11","4","5","1","3","3","4","1400000US33007950300","Census Tract 9503, Coos County, New Hampshire"
"3558","220","3419","224","15","12","19","20","29","39","0","11","0","11","76","38","0","11","76","38","1400000US33007950400","Census Tract 9504, Coos County, New Hampshire"
"3275","20","3186","53","23","23","0","11","15","22","0","11","16","24","35","34","21","33","14","12","1400000US33007950500","Census Tract 9505, Coos County, New Hampshire"
"4749","340","3809","345","684","211","6","9","9","17","21","32","82","52","138","65","57","49","81","46","1400000US33007950600","Census Tract 9506, Coos County, New Hampshire"
"3179","277","3052","292","0","11","0","11","37","35","0","11","14","24","76","52","12","21","64","50","1400000US33007950700","Census Tract 9507, Coos County, New Hampshire"
"2293","279","2246","281","0","11","19","30","7","12","0","11","0","11","21","23","12","18","9","15","1400000US33007950800","Census Tract 9508, Coos County, New Hampshire"
"3054","67","2875","149","13","17","13","20","28","40","0","11","0","11","125","83","0","11","125","83","1400000US33007950900","Census Tract 9509, Coos County, New Hampshire"
"1998","196","1939","199","28","60","3","4","14","17","0","11","1","3","13","12","0","11","13","12","1400000US33007951000","Census Tract 9510, Coos County, New Hampshire"
"3166","205","2949","214","58","50","35","34","24","26","0","11","1","3","99","60","0","11","99","60","1400000US33007951100","Census Tract 9511, Coos County, New Hampshire"
"5915","17","5724","135","0","16","75","97","46","72","0","16","0","16","70","64","29","45","41","45","1400000US33009960100","Census Tract 9601, Grafton County, New Hampshire"
"4325","242","4146","251","21","32","8","10","57","39","10","11","2","3","81","52","0","11","81","52","1400000US33009960200","Census Tract 9602, Grafton County, New Hampshire"
"5077","260","4931","256","9","15","30","28","19","14","1","2","7","9","80","43","10","13","70","41","1400000US33009960300","Census Tract 9603, Grafton County, New Hampshire"
"3635","212","3485","213","17","26","0","11","57","47","0","11","3","5","73","75","0","11","73","75","1400000US33009960400","Census Tract 9604, Grafton County, New Hampshire"
"2457","278","2341","247","11","13","13","18","68","83","0","11","0","11","24","26","3","6","21","26","1400000US33009960500","Census Tract 9605, Grafton County, New Hampshire"
"4601","29","4472","94","16","18","17","25","6","14","0","11","3","6","87","78","0","11","87","78","1400000US33009960600","Census Tract 9606, Grafton County, New Hampshire"
"3206","350","2734","202","112","95","12","11","298","304","0","11","41","56","9","9","4","6","5","7","1400000US33009960700","Census Tract 9607, Grafton County, New Hampshire"
"4875","271","4793","275","5","10","0","11","5","8","0","11","2","4","70","71","0","11","70","71","1400000US33009960800","Census Tract 9608, Grafton County, New Hampshire"
"3254","218","3118","217","20","18","0","11","22","21","1","2","17","19","76","49","0","11","76","49","1400000US33009960900","Census Tract 9609, Grafton County, New Hampshire"
"6755","20","6212","199","113","65","0","16","253","172","0","16","5","11","172","92","0","16","172","92","1400000US33009961000","Census Tract 9610, Grafton County, New Hampshire"
"4223","359","3988","377","31","32","0","11","52","59","0","11","12","18","140","115","0","11","140","115","1400000US33009961100","Census Tract 9611, Grafton County, New Hampshire"
"4267","248","3909","326","3","6","12","17","85","87","0","11","15","25","243","189","9","13","234","188","1400000US33009961200","Census Tract 9612, Grafton County, New Hampshire"
"3632","252","3474","261","10","15","25","27","45","32","6","7","3","5","69","48","6","7","63","46","1400000US33009961300","Census Tract 9613, Grafton County, New Hampshire"
"3920","17","3594","172","32","38","0","11","135","105","0","11","23","31","136","124","14","25","122","122","1400000US33009961400","Census Tract 9614, Grafton County, New Hampshire"
"4545","17","4526","24","3","3","0","11","0","11","16","20","0","11","0","11","0","11","0","11","1400000US33009961500","Census Tract 9615, Grafton County, New Hampshire"
"2959","375","2463","381","65","78","8","12","293","188","8","13","0","11","122","99","0","11","122","99","1400000US33009961601","Census Tract 9616.01, Grafton County, New Hampshire"
"8508","377","6743","370","310","99","40","38","997","188","0","16","53","34","365","121","25","28","340","117","1400000US33009961602","Census Tract 9616.02, Grafton County, New Hampshire"
"7720","405","6601","453","182","108","8","13","683","223","0","16","78","76","168","76","12","21","156","73","1400000US33009961700","Census Tract 9617, Grafton County, New Hampshire"
"5903","400","5560","468","115","106","18","27","210","167","0","16","0","16","0","16","0","16","0","16","1400000US33009961800","Census Tract 9618, Grafton County, New Hampshire"
"2997","236","2771","227","116","132","11","16","49","41","0","11","9","14","41","48","0","11","41","48","1400000US33011000101","Census Tract 1.01, Hillsborough County, New Hampshire"
"5072","339","4205","338","168","83","0","16","488","293","0","16","100","91","111","63","22","22","89","63","1400000US33011000102","Census Tract 1.02, Hillsborough County, New Hampshire"
"2447","187","2206","206","145","131","5","8","48","42","0","11","0","11","43","59","0","11","43","59","1400000US33011000202","Census Tract 2.02, Hillsborough County, New Hampshire"
"3296","319","2997","329","159","132","0","11","80","107","0","11","0","11","60","54","11","17","49","51","1400000US33011000203","Census Tract 2.03, Hillsborough County, New Hampshire"
"5276","450","4383","501","332","201","0","16","465","265","0","16","51","59","45","50","21","35","24","34","1400000US33011000204","Census Tract 2.04, Hillsborough County, New Hampshire"
"2940","288","2353","254","325","252","36","59","102","126","0","11","22","28","102","132","0","11","102","132","1400000US33011000300","Census Tract 3, Hillsborough County, New Hampshire"
"2208","245","1965","248","161","165","0","11","35","47","0","11","17","19","30","32","0","11","30","32","1400000US33011000600","Census Tract 6, Hillsborough County, New Hampshire"
"2952","215","2832","233","34","47","9","14","15","18","0","11","20","23","42","37","0","11","42","37","1400000US33011000700","Census Tract 7, Hillsborough County, New Hampshire"
"2251","225","1979","203","25","34","15","14","47","30","0","11","40","33","145","140","31","25","114","137","1400000US33011000800","Census Tract 8, Hillsborough County, New Hampshire"
"3511","231","3086","275","227","177","0","11","16","21","0","11","0","11","182","107","0","11","182","107","1400000US33011000901","Census Tract 9.01, Hillsborough County, New Hampshire"
"5917","566","4662","559","589","501","0","16","507","291","28","49","0","16","131","152","16","27","115","149","1400000US33011000902","Census Tract 9.02, Hillsborough County, New Hampshire"
"6233","352","5799","386","15","36","0","16","294","194","0","16","0","16","125","128","0","16","125","128","1400000US33011001000","Census Tract 10, Hillsborough County, New Hampshire"
"5340","378","4298","455","374","392","0","16","391","294","0","16","85","93","192","171","0","16","192","171","1400000US33011001100","Census Tract 11, Hillsborough County, New Hampshire"
"1843","186","1702","214","74","77","0","11","26","24","0","11","11","12","30","26","7","10","23","23","1400000US33011001200","Census Tract 12, Hillsborough County, New Hampshire"
"3028","274","2612","314","134","200","0","11","185","172","0","11","32","61","65","59","49","56","16","18","1400000US33011001300","Census Tract 13, Hillsborough County, New Hampshire"
"2194","258","1470","262","360","169","2","8","164","95","0","11","138","111","60","55","6","10","54","58","1400000US33011001400","Census Tract 14, Hillsborough County, New Hampshire"
"3229","342","2408","343","407","256","0","11","233","173","0","11","17","26","164","98","0","11","164","98","1400000US33011001500","Census Tract 15, Hillsborough County, New Hampshire"
"4569","489","3466","440","459","472","30","37","460","303","11","18","0","11","143","103","32","52","111","75","1400000US33011001600","Census Tract 16, Hillsborough County, New Hampshire"
"2051","251","1667","204","41","47","0","11","120","165","0","11","24","29","199","193","7","11","192","192","1400000US33011001700","Census Tract 17, Hillsborough County, New Hampshire"
"5962","454","5171","537","181","273","0","16","237","213","0","16","0","16","373","192","0","16","373","192","1400000US33011001800","Census Tract 18, Hillsborough County, New Hampshire"
"3598","499","2897","514","262","180","0","11","216","187","0","11","189","215","34","40","0","11","34","40","1400000US33011001900","Census Tract 19, Hillsborough County, New Hampshire"
"2269","313","1837","307","261","179","4","8","127","123","0","11","20","24","20","27","20","27","0","11","1400000US33011002000","Census Tract 20, Hillsborough County, New Hampshire"
"5261","487","4206","540","563","301","6","11","239","194","0","16","9","14","238","157","19","30","219","154","1400000US33011002100","Census Tract 21, Hillsborough County, New Hampshire"
"3279","359","2987","416","146","175","0","11","20","16","6","10","16","17","104","95","0","11","104","95","1400000US33011002200","Census Tract 22, Hillsborough County, New Hampshire"
"3795","422","3316","403","321","248","0","11","86","78","0","11","25","43","47","48","0","11","47","48","1400000US33011002300","Census Tract 23, Hillsborough County, New Hampshire"
"7008","388","5701","452","577","111","23","37","228","153","0","16","153","137","326","197","57","89","269","170","1400000US33011002400","Census Tract 24, Hillsborough County, New Hampshire"
"4864","698","4450","640","0","11","0","11","333","274","0","11","0","11","81","123","0","11","81","123","1400000US33011002500","Census Tract 25, Hillsborough County, New Hampshire"
"5642","276","5185","313","64","102","0","16","257","67","0","16","16","25","120","115","35","49","85","95","1400000US33011002600","Census Tract 26, Hillsborough County, New Hampshire"
"3611","207","3611","207","0","11","0","11","0","11","0","11","0","11","0","11","0","11","0","11","1400000US33011002701","Census Tract 27.01, Hillsborough County, New Hampshire"
"6144","344","5962","357","34","37","5","8","64","73","0","16","0","16","79","76","0","16","79","76","1400000US33011002702","Census Tract 27.02, Hillsborough County, New Hampshire"
"8306","408","7669","375","88","50","84","114","57","61","78","123","99","98","231","132","23","24","208","125","1400000US33011002800","Census Tract 28, Hillsborough County, New Hampshire"
"7807","368","6902","403","150","176","0","16","463","224","0","16","121","160","171","168","14","22","157","162","1400000US33011002901","Census Tract 29.01, Hillsborough County, New Hampshire"
"6285","268","5913","333","38","61","0","16","168","133","0","16","11","18","155","138","0","16","155","138","1400000US33011002902","Census Tract 29.02, Hillsborough County, New Hampshire"
"8443","344","7902","357","33","38","0","16","259","76","0","16","0","16","249","127","0","16","249","127","1400000US33011002903","Census Tract 29.03, Hillsborough County, New Hampshire"
"5203","264","4767","299","39","52","0","16","292","161","0","16","22","38","83","63","27","34","56","45","1400000US33011010100","Census Tract 101, Hillsborough County, New Hampshire"
"7494","398","6129","459","124","88","34","55","821","216","0","16","173","122","213","210","21","36","192","207","1400000US33011010200","Census Tract 102, Hillsborough County, New Hampshire"
"4562","347","4101","351","0","11","10","16","284","140","0","11","43","62","124","95","0","11","124","95","1400000US33011010301","Census Tract 103.01, Hillsborough County, New Hampshire"
"4370","239","3672","311","417","331","0","11","211","163","0","11","26","45","44","41","0","11","44","41","1400000US33011010302","Census Tract 103.02, Hillsborough County, New Hampshire"
"5187","525","4882","565","3","7","0","16","88","73","0","16","40","48","174","137","0","16","174","137","1400000US33011010400","Census Tract 104, Hillsborough County, New Hampshire"
"4051","388","3278","401","254","184","10","17","201","193","11","17","63","71","234","114","0","11","234","114","1400000US33011010500","Census Tract 105, Hillsborough County, New Hampshire"
"5553","499","4357","539","692","342","0","16","186","142","0","16","107","123","211","190","0","16","211","190","1400000US33011010600","Census Tract 106, Hillsborough County, New Hampshire"
"1578","156","1323","171","56","59","0","11","28","30","0","11","5","10","166","118","0","11","166","118","1400000US33011010700","Census Tract 107, Hillsborough County, New Hampshire"
"8125","669","6518","867","733","530","41","63","283","316","0","16","301","261","249","267","0","16","249","267","1400000US33011010800","Census Tract 108, Hillsborough County, New Hampshire"
"6483","451","5712","459","161","168","0","16","93","81","0","16","184","158","333","243","0","16","333","243","1400000US33011010900","Census Tract 109, Hillsborough County, New Hampshire"
"4899","328","4342","396","225","172","0","11","167","105","0","11","0","11","165","76","25","39","140","69","1400000US33011011000","Census Tract 110, Hillsborough County, New Hampshire"
"3458","272","2153","315","322","186","5","10","803","263","0","11","45","40","130","96","25","39","105","87","1400000US33011011101","Census Tract 111.01, Hillsborough County, New Hampshire"
"3517","311","2439","270","60","52","0","11","868","335","0","11","63","67","87","70","9","14","78","68","1400000US33011011102","Census Tract 111.02, Hillsborough County, New Hampshire"
"7154","377","5304","377","285","233","0","16","1285","196","0","16","46","76","234","159","29","45","205","151","1400000US33011011200","Census Tract 112, Hillsborough County, New Hampshire"
"4563","278","3992","294","109","109","0","11","244","135","0","11","35","36","183","157","0","11","183","157","1400000US33011011300","Census Tract 113, Hillsborough County, New Hampshire"
"5352","384","4350","385","113","139","0","16","741","143","0","16","102","160","46","55","0","16","46","55","1400000US33011011401","Census Tract 114.01, Hillsborough County, New Hampshire"
"4929","233","3917","260","35","39","14","16","651","117","0","11","201","162","111","73","15","22","96","71","1400000US33011011402","Census Tract 114.02, Hillsborough County, New Hampshire"
"2337","141","2136","151","0","11","0","11","175","129","0","11","0","11","26","26","6","9","20","24","1400000US33011011500","Census Tract 115, Hillsborough County, New Hampshire"
"8382","382","7953","416","64","78","0","16","258","97","0","16","0","16","107","114","0","16","107","114","1400000US33011012100","Census Tract 121, Hillsborough County, New Hampshire"
"7486","355","7119","355","51","61","0","16","80","63","33","56","185","153","18","28","0","16","18","28","1400000US33011012200","Census Tract 122, Hillsborough County, New Hampshire"
"9488","424","8944","469","74","98","0","16","300","72","0","16","28","36","142","83","15","26","127","78","1400000US33011012300","Census Tract 123, Hillsborough County, New Hampshire"
"8566","22","8382","105","0","16","52","44","65","50","0","16","0","16","67","67","14","20","53","64","1400000US33011013100","Census Tract 131, Hillsborough County, New Hampshire"
"6013","293","5580","314","32","46","0","16","55","60","11","32","51","80","284","240","0","16","284","240","1400000US33011014100","Census Tract 141, Hillsborough County, New Hampshire"
"5736","249","5377","304","102","100","0","16","121","98","0","16","20","33","116","91","0","16","116","91","1400000US33011014201","Census Tract 142.01, Hillsborough County, New Hampshire"
"6233","273","5799","310","72","78","0","16","187","162","0","16","120","163","55","63","0","16","55","63","1400000US33011014202","Census Tract 142.02, Hillsborough County, New Hampshire"
"8005","242","7232","611","65","100","0","16","169","148","40","64","439","630","60","60","0","16","60","60","1400000US33011014300","Census Tract 143, Hillsborough County, New Hampshire"
"5242","267","4974","288","35","57","0","16","46","38","0","16","25","30","162","141","26","41","136","138","1400000US33011015100","Census Tract 151, Hillsborough County, New Hampshire"
"6091","269","5861","286","0","16","0","16","158","106","0","16","0","16","72","66","0","16","72","66","1400000US33011015200","Census Tract 152, Hillsborough County, New Hampshire"
"3380","241","3191","284","112","168","0","11","9","15","0","11","12","21","56","44","0","11","56","44","1400000US33011016100","Census Tract 161, Hillsborough County, New Hampshire"
"7028","398","6507","485","39","42","0","16","371","211","0","16","53","61","58","47","13","21","45","43","1400000US33011016201","Census Tract 162.01, Hillsborough County, New Hampshire"
"5324","296","5020","343","112","160","12","22","80","73","0","16","0","16","100","64","0","16","100","64","1400000US33011016202","Census Tract 162.02, Hillsborough County, New Hampshire"
"7918","24","7253","223","60","77","14","23","183","100","0","16","51","60","357","174","0","16","357","174","1400000US33011017100","Census Tract 171, Hillsborough County, New Hampshire"
"5348","30","5099","139","54","59","0","16","30","29","0","16","0","16","165","108","0","16","165","108","1400000US33011018000","Census Tract 180, Hillsborough County, New Hampshire"
"2061","284","1922","261","101","154","0","11","0","11","0","11","0","11","38","36","0","11","38","36","1400000US33011018501","Census Tract 185.01, Hillsborough County, New Hampshire"
"1532","100","1498","99","0","11","0","11","18","19","0","11","5","7","11","12","8","10","3","5","1400000US33011018502","Census Tract 185.02, Hillsborough County, New Hampshire"
"3751","20","3560","124","0","11","0","11","66","50","0","11","0","11","125","100","19","30","106","99","1400000US33011019000","Census Tract 190, Hillsborough County, New Hampshire"
"1701","126","1677","126","20","22","0","11","0","11","0","11","3","4","1","3","0","11","1","3","1400000US33011019501","Census Tract 195.01, Hillsborough County, New Hampshire"
"2576","19","2535","43","0","11","4","8","0","11","0","11","0","11","37","39","0","11","37","39","1400000US33011019502","Census Tract 195.02, Hillsborough County, New Hampshire"
"5711","25","5642","65","0","16","0","16","11","19","0","16","0","16","58","56","0","16","58","56","1400000US33011020000","Census Tract 200, Hillsborough County, New Hampshire"
"9031","18","8717","228","18","30","0","16","54","64","0","16","95","150","147","159","0","16","147","159","1400000US33011021000","Census Tract 210, Hillsborough County, New Hampshire"
"4979","231","4758","239","50","30","10","11","9","11","0","11","12","17","140","57","0","11","140","57","1400000US33011021500","Census Tract 215, Hillsborough County, New Hampshire"
"1906","134","1875","133","1","8","0","11","12","10","0","11","0","11","18","15","3","6","15","14","1400000US33011022000","Census Tract 220, Hillsborough County, New Hampshire"
"6996","234","6747","307","0","16","0","16","55","59","0","16","0","16","194","122","0","16","194","122","1400000US33011022500","Census Tract 225, Hillsborough County, New Hampshire"
"6604","25","6581","42","0","16","0","16","23","36","0","16","0","16","0","16","0","16","0","16","1400000US33011023000","Census Tract 230, Hillsborough County, New Hampshire"
"1747","109","1701","115","5","7","0","11","5","6","0","11","9","9","27","35","0","11","27","35","1400000US33011024000","Census Tract 240, Hillsborough County, New Hampshire"
"2680","19","2601","68","24","46","10","18","0","11","0","11","7","9","38","33","0","11","38","33","1400000US33011025000","Census Tract 250, Hillsborough County, New Hampshire"
"6202","97","5857","199","38","57","0","16","0","16","0","16","0","16","307","175","0","16","307","175","1400000US33011025500","Census Tract 255, Hillsborough County, New Hampshire"
"4836","290","4600","326","16","19","0","11","95","80","0","11","0","11","125","109","0","11","125","109","1400000US33011200100","Census Tract 2001, Hillsborough County, New Hampshire"
"4412","241","3954","324","94","128","15","23","124","84","0","11","0","11","225","149","0","11","225","149","1400000US33011200200","Census Tract 2002, Hillsborough County, New Hampshire"
"4550","253","4471","245","16","24","0","11","11","17","0","11","0","11","52","46","15","25","37","39","1400000US33011200300","Census Tract 2003, Hillsborough County, New Hampshire"
"3077","381","2465","363","279","198","16","23","199","129","0","11","39","61","79","84","11","18","68","81","1400000US33011200400","Census Tract 2004, Hillsborough County, New Hampshire"
"0","11","0","11","0","11","0","11","0","11","0","11","0","11","0","11","0","11","0","11","1400000US33011980101","Census Tract 9801.01, Hillsborough County, New Hampshire"
"4278","261","4118","269","78","55","0","11","33","41","0","11","14","21","35","36","0","11","35","36","1400000US33013003001","Census Tract 30.01, Merrimack County, New Hampshire"
"3869","200","3575","269","31","31","0","11","135","150","0","11","89","105","39","35","14","22","25","28","1400000US33013003006","Census Tract 30.06, Merrimack County, New Hampshire"
"4390","22","4117","143","36","48","1","3","48","53","0","11","9","14","179","121","0","11","179","121","1400000US33013003100","Census Tract 31, Merrimack County, New Hampshire"
"7187","32","6944","142","14","23","0","16","20","29","15","21","0","16","194","133","0","16","194","133","1400000US33013003200","Census Tract 32, Merrimack County, New Hampshire"
"2827","19","2748","54","25","33","2","4","28","33","0","11","0","11","24","23","15","22","9","10","1400000US33013030000","Census Tract 300, Merrimack County, New Hampshire"
"3930","215","3803","221","16","24","18","29","18","24","0","11","24","37","51","37","19","29","32","26","1400000US33013031001","Census Tract 310.01, Merrimack County, New Hampshire"
"3932","214","3810","231","0","11","0","11","95","75","0","11","19","27","8","13","0","11","8","13","1400000US33013031002","Census Tract 310.02, Merrimack County, New Hampshire"
"3602","255","3361","225","29","39","73","92","133","143","0","11","0","11","6","12","0","11","6","12","1400000US33013032100","Census Tract 321, Merrimack County, New Hampshire"
"2466","234","2202","301","9","14","25","36","98","108","0","11","72","72","60","52","0","11","60","52","1400000US33013032200","Census Tract 322, Merrimack County, New Hampshire"
"1666","155","1540","156","5","5","0","11","55","40","0","11","23","35","43","38","0","11","43","38","1400000US33013032300","Census Tract 323, Merrimack County, New Hampshire"
"3346","226","3199","220","48","35","15","21","12","18","0","11","0","11","72","55","0","11","72","55","1400000US33013032400","Census Tract 324, Merrimack County, New Hampshire"
"3817","492","3622","497","32","28","2","4","101","99","0","11","1","2","59","62","6","12","53","56","1400000US33013032500","Census Tract 325, Merrimack County, New Hampshire"
"4083","310","3533","286","212","173","31","31","3","8","0","11","16","19","288","120","6","13","282","116","1400000US33013032600","Census Tract 326, Merrimack County, New Hampshire"
"1490","166","1432","162","0","11","0","11","28","36","0","11","0","11","30","27","0","11","30","27","1400000US33013032701","Census Tract 327.01, Merrimack County, New Hampshire"
"4030","245","3793","277","173","122","9","15","40","50","0","11","15","24","0","11","0","11","0","11","1400000US33013032706","Census Tract 327.06, Merrimack County, New Hampshire"
"5301","389","4922","476","0","16","0","16","363","381","0","16","0","16","16","24","0","16","16","24","1400000US33013032800","Census Tract 328, Merrimack County, New Hampshire"
"4904","378","3301","363","523","260","0","11","618","362","0","11","202","196","260","214","10","17","250","213","1400000US33013032900","Census Tract 329, Merrimack County, New Hampshire"
"2662","29","2498","103","0","11","5","7","61","42","0","11","0","11","98","67","16","26","82","62","1400000US33013033000","Census Tract 330, Merrimack County, New Hampshire"
"4722","18","4540","151","0","11","0","11","35","43","0","11","5","14","142","143","0","11","142","143","1400000US33013034000","Census Tract 340, Merrimack County, New Hampshire"
"4117","16","4072","40","0","11","0","11","30","36","0","11","0","11","15","19","0","11","15","19","1400000US33013035000","Census Tract 350, Merrimack County, New Hampshire"
"5534","19","5484","74","0","16","0","16","0","16","0","16","0","16","50","72","0","16","50","72","1400000US33013036000","Census Tract 360, Merrimack County, New Hampshire"
"2357","148","2291","158","31","24","0","11","20","21","0","11","6","8","9","11","0","11","9","11","1400000US33013037000","Census Tract 370, Merrimack County, New Hampshire"
"4004","15","3940","32","9","14","4","8","20","23","0","11","16","20","15","22","0","11","15","22","1400000US33013038000","Census Tract 380, Merrimack County, New Hampshire"
"4691","184","4558","188","53","38","9","13","12","17","0","11","8","12","51","39","0","11","51","39","1400000US33013038500","Census Tract 385, Merrimack County, New Hampshire"
"5691","29","5558","106","19","30","0","16","0","16","0","16","0","16","114","86","0","16","114","86","1400000US33013039000","Census Tract 390, Merrimack County, New Hampshire"
"4962","17","4779","98","92","76","0","11","31","32","0","11","1","3","59","49","0","11","59","49","1400000US33013040000","Census Tract 400, Merrimack County, New Hampshire"
"5588","261","5412","267","6","7","31","30","70","55","0","16","3","6","66","35","0","16","66","35","1400000US33013040500","Census Tract 405, Merrimack County, New Hampshire"
"4390","16","4228","78","53","37","0","11","83","59","0","11","0","11","26","27","16","24","10","14","1400000US33013041000","Census Tract 410, Merrimack County, New Hampshire"
"3692","230","3611","220","14","14","14","18","29","26","0","11","0","11","24","26","8","10","16","23","1400000US33013041500","Census Tract 415, Merrimack County, New Hampshire"
"4204","279","4130","283","0","11","0","11","44","33","0","11","12","17","18","22","0","11","18","22","1400000US33013042500","Census Tract 425, Merrimack County, New Hampshire"
"4013","307","3911","296","12","18","0","11","56","84","0","11","0","11","34","124","0","11","34","124","1400000US33013043001","Census Tract 430.01, Merrimack County, New Hampshire"
"4610","306","4474","309","0","11","0","11","17","27","0","11","14","21","105","72","0","11","105","72","1400000US33013043002","Census Tract 430.02, Merrimack County, New Hampshire"
"4881","26","4578","152","37","40","43","51","115","95","0","11","0","11","108","115","0","11","108","115","1400000US33013044000","Census Tract 440, Merrimack County, New Hampshire"
"3925","279","3056","354","292","316","45","43","464","242","0","11","27","47","41","42","8","12","33","38","1400000US33013044100","Census Tract 441, Merrimack County, New Hampshire"
"6142","275","5732","375","113","130","35","56","105","166","0","16","0","16","157","138","0","16","157","138","1400000US33013044200","Census Tract 442, Merrimack County, New Hampshire"
"4614","253","4145","371","177","204","65","80","115","103","0","11","0","11","112","87","0","11","112","87","1400000US33013044300","Census Tract 443, Merrimack County, New Hampshire"
"4394","227","4271","226","0","11","17","27","30","31","0","11","19","33","57","44","0","11","57","44","1400000US33015003301","Census Tract 33.01, Rockingham County, New Hampshire"
"5020","289","4393","346","75","84","0","16","242","154","0","16","188","201","122","104","25","30","97","81","1400000US33015003302","Census Tract 33.02, Rockingham County, New Hampshire"
"5308","361","5186","369","84","90","0","16","34","44","0","16","0","16","4","7","0","16","4","7","1400000US33015003400","Census Tract 34, Rockingham County, New Hampshire"
"5823","452","5509","485","57","78","0","16","0","16","0","16","17","27","240","171","39","59","201","158","1400000US33015003500","Census Tract 35, Rockingham County, New Hampshire"
"6662","417","6647","416","0","16","0","16","0","16","0","16","0","16","15","26","0","16","15","26","1400000US33015003601","Census Tract 36.01, Rockingham County, New Hampshire"
"6241","389","5656","428","49","63","0","16","107","119","0","16","301","328","128","95","91","94","37","33","1400000US33015003602","Census Tract 36.02, Rockingham County, New Hampshire"
"4034","239","3848","243","80","51","0","11","30","36","0","11","32","52","44","53","0","11","44","53","1400000US33015003701","Census Tract 37.01, Rockingham County, New Hampshire"
"5626","308","5228","295","99","77","19","34","200","171","0","16","0","16","80","80","0","16","80","80","1400000US33015003703","Census Tract 37.03, Rockingham County, New Hampshire"
"4115","192","3878","221","8","13","0","11","123","105","0","11","20","24","86","120","0","11","86","120","1400000US33015003801","Census Tract 38.01, Rockingham County, New Hampshire"
"4345","188","4220","199","0","11","0","11","58","65","0","11","0","11","67","70","0","11","67","70","1400000US33015003802","Census Tract 38.02, Rockingham County, New Hampshire"
"4441","256","4270","272","102","91","0","11","14","22","0","11","40","58","15","18","7","11","8","15","1400000US33015003901","Census Tract 39.01, Rockingham County, New Hampshire"
"3366","219","3222","231","23","26","0","11","23","27","26","25","0","11","72","65","0","11","72","65","1400000US33015003902","Census Tract 39.02, Rockingham County, New Hampshire"
"5446","21","5362","77","1","3","0","16","42","62","0","16","0","16","41","45","0","16","41","45","1400000US33015004000","Census Tract 40, Rockingham County, New Hampshire"
"3936","18","3695","169","28","47","0","11","15","22","0","11","48","54","150","131","0","11","150","131","1400000US33015050000","Census Tract 500, Rockingham County, New Hampshire"
"5129","26","4942","115","19","24","0","16","110","77","0","16","31","48","27","30","0","16","27","30","1400000US33015051000","Census Tract 510, Rockingham County, New Hampshire"
"6389","17","6209","125","28","43","0","16","36","45","0","16","0","16","116","113","0","16","116","113","1400000US33015052000","Census Tract 520, Rockingham County, New Hampshire"
"4515","29","4268","167","26","28","0","11","41","38","0","11","0","11","180","165","0","11","180","165","1400000US33015053000","Census Tract 530, Rockingham County, New Hampshire"
"4677","25","4554","96","14","22","0","11","81","81","0","11","19","28","9","12","0","11","9","12","1400000US33015054000","Census Tract 540, Rockingham County, New Hampshire"
"6238","300","6213","301","0","16","0","16","0","16","0","16","0","16","25","39","0","16","25","39","1400000US33015055001","Census Tract 550.01, Rockingham County, New Hampshire"
"4190","301","3884","327","0","11","0","11","30","38","0","11","223","205","53","70","0","11","53","70","1400000US33015055002","Census Tract 550.02, Rockingham County, New Hampshire"
"4476","31","4345","90","64","66","0","11","18","33","0","11","23","27","26","31","0","11","26","31","1400000US33015056000","Census Tract 560, Rockingham County, New Hampshire"
"4299","18","4110","128","51","73","26","39","21","34","0","11","25","38","66","64","11","16","55","62","1400000US33015057000","Census Tract 570, Rockingham County, New Hampshire"
"5058","23","4973","77","16","27","0","16","53","62","0","16","0","16","16","22","0","16","16","22","1400000US33015058000","Census Tract 580, Rockingham County, New Hampshire"
"6966","22","6697","157","22","34","0","16","33","43","0","16","0","16","214","144","0","16","214","144","1400000US33015059000","Census Tract 590, Rockingham County, New Hampshire"
"4612","33","4415","134","42","36","0","11","84","90","0","11","8","16","63","54","11","18","52","51","1400000US33015060000","Census Tract 600, Rockingham County, New Hampshire"
"6830","297","6424","323","111","127","0","16","137","123","0","16","0","16","158","124","0","16","158","124","1400000US33015061001","Census Tract 610.01, Rockingham County, New Hampshire"
"2442","194","2428","193","0","11","0","11","0","11","0","11","0","11","14","15","0","11","14","15","1400000US33015062000","Census Tract 620, Rockingham County, New Hampshire"
"3066","152","2932","150","0","11","9","10","42","25","0","11","0","11","83","74","0","11","83","74","1400000US33015062500","Census Tract 625, Rockingham County, New Hampshire"
"3835","281","3600","302","9","14","0","11","100","114","0","11","0","11","126","109","16","26","110","91","1400000US33015063001","Census Tract 630.01, Rockingham County, New Hampshire"
"4995","283","4856","293","102","156","0","11","11","16","0","11","0","11","26","33","15","24","11","16","1400000US33015063002","Census Tract 630.02, Rockingham County, New Hampshire"
"2383","164","2336","155","7","12","0","11","30","31","0","11","0","11","10","14","0","11","10","14","1400000US33015064000","Census Tract 640, Rockingham County, New Hampshire"
"7843","281","7528","334","2","3","27","49","67","59","0","16","8","18","211","167","1","2","210","168","1400000US33015065001","Census Tract 650.01, Rockingham County, New Hampshire"
"2625","256","2554","252","12","19","0","11","37","56","0","11","0","11","22","23","0","11","22","23","1400000US33015065005","Census Tract 650.05, Rockingham County, New Hampshire"
"1508","121","1450","119","0","11","0","11","11","14","0","11","10","16","37","39","0","11","37","39","1400000US33015065006","Census Tract 650.06, Rockingham County, New Hampshire"
"1531","129","1481","134","0","11","0","11","0","11","0","11","2","7","48","53","0","11","48","53","1400000US33015065007","Census Tract 650.07, Rockingham County, New Hampshire"
"1960","278","1875","274","30","37","0","11","32","28","0","11","0","11","23","33","14","23","9","15","1400000US33015065008","Census Tract 650.08, Rockingham County, New Hampshire"
"4457","17","4055","241","68","96","0","11","136","97","0","11","104","154","94","83","0","11","94","83","1400000US33015066000","Census Tract 660, Rockingham County, New Hampshire"
"7427","21","6876","298","2","5","0","16","455","282","0","16","0","16","94","89","1","4","93","89","1400000US33015067000","Census Tract 670, Rockingham County, New Hampshire"
"7299","305","6881","364","78","61","0","16","167","129","0","16","9","18","164","110","2","4","162","110","1400000US33015067501","Census Tract 675.01, Rockingham County, New Hampshire"
"3521","273","3287","243","24","37","0","11","194","210","0","11","0","11","16","25","0","11","16","25","1400000US33015067502","Census Tract 675.02, Rockingham County, New Hampshire"
"4310","236","4132","239","65","68","15","35","15","35","0","11","0","11","83","70","0","11","83","70","1400000US33015069100","Census Tract 691, Rockingham County, New Hampshire"
"2802","245","2606","257","147","172","0","11","16","18","0","11","11","17","22","27","0","11","22","27","1400000US33015069200","Census Tract 692, Rockingham County, New Hampshire"
"2107","184","2061","185","21","24","0","11","17","17","0","11","0","11","8","13","0","11","8","13","1400000US33015069300","Census Tract 693, Rockingham County, New Hampshire"
"3226","227","2945","232","49","40","0","11","28","32","0","11","8","14","196","104","2","5","194","103","1400000US33015069700","Census Tract 697, Rockingham County, New Hampshire"
"5466","31","5365","106","0","16","0","16","37","42","0","16","0","16","64","67","0","16","64","67","1400000US33015071000","Census Tract 710, Rockingham County, New Hampshire"
"6210","501","6101","485","0","16","0","16","64","88","0","16","0","16","45","50","19","30","26","41","1400000US33015100100","Census Tract 1001, Rockingham County, New Hampshire"
"5905","295","5439","328","144","150","0","16","93","68","0","16","0","16","229","184","0","16","229","184","1400000US33015100200","Census Tract 1002, Rockingham County, New Hampshire"
"4388","268","4051","269","10","15","14","23","197","142","0","11","47","75","69","62","51","59","18","19","1400000US33015100301","Census Tract 1003.01, Rockingham County, New Hampshire"
"4796","312","4011","365","83","86","0","11","240","122","0","11","187","152","275","152","26","28","249","151","1400000US33015100302","Census Tract 1003.02, Rockingham County, New Hampshire"
"7935","498","7102","598","26","29","0","16","484","302","0","16","213","171","110","117","0","16","110","117","1400000US33015100400","Census Tract 1004, Rockingham County, New Hampshire"
"7689","26","7401","176","27","30","0","16","54","74","0","16","45","69","162","128","0","16","162","128","1400000US33015101100","Census Tract 1011, Rockingham County, New Hampshire"
"4920","22","4808","82","0","11","0","11","55","59","0","11","42","41","15","23","0","11","15","23","1400000US33015102100","Census Tract 1021, Rockingham County, New Hampshire"
"6952","33","6724","164","0","16","0","16","110","90","0","16","48","77","70","79","0","16","70","79","1400000US33015103100","Census Tract 1031, Rockingham County, New Hampshire"
"4646","180","4567","186","9","12","0","11","0","11","0","11","2","3","68","52","0","11","68","52","1400000US33015104101","Census Tract 1041.01, Rockingham County, New Hampshire"
"3975","181","3704","194","42","54","0","11","137","142","0","11","47","43","45","45","0","11","45","45","1400000US33015104102","Census Tract 1041.02, Rockingham County, New Hampshire"
"6260","29","6068","173","0","16","0","16","55","57","0","16","0","16","137","146","0","16","137","146","1400000US33015105100","Census Tract 1051, Rockingham County, New Hampshire"
"7604","360","7051","467","104","118","0","16","253","137","0","16","0","16","196","161","1","3","195","161","1400000US33015106101","Census Tract 1061.01, Rockingham County, New Hampshire"
"7006","361","6645","460","27","46","0","16","239","188","0","16","0","16","95","109","14","23","81","106","1400000US33015106102","Census Tract 1061.02, Rockingham County, New Hampshire"
"3986","243","3881","253","32","50","0","11","35","42","0","11","38","51","0","11","0","11","0","11","1400000US33015106200","Census Tract 1062, Rockingham County, New Hampshire"
"4261","246","3949","239","93","115","0","11","181","110","0","11","16","27","22","20","0","11","22","20","1400000US33015106400","Census Tract 1064, Rockingham County, New Hampshire"
"2601","189","2254","214","76","78","0","11","208","140","0","11","0","11","63","74","0","11","63","74","1400000US33015107100","Census Tract 1071, Rockingham County, New Hampshire"
"6474","254","5450","334","182","96","0","16","713","258","0","16","34","54","95","76","21","32","74","69","1400000US33015107200","Census Tract 1072, Rockingham County, New Hampshire"
"1090","87","994","95","0","11","0","11","51","45","0","11","8","15","37","33","0","11","37","33","1400000US33015107400","Census Tract 1074, Rockingham County, New Hampshire"
"4722","92","4315","184","80","60","0","11","195","114","0","11","48","47","84","63","0","11","84","63","1400000US33015107500","Census Tract 1075, Rockingham County, New Hampshire"
"0","11","0","11","0","11","0","11","0","11","0","11","0","11","0","11","0","11","0","11","1400000US33015980011","Census Tract 9800.11, Rockingham County, New Hampshire"
"0","11","0","11","0","11","0","11","0","11","0","11","0","11","0","11","0","11","0","11","1400000US33015990000","Census Tract 9900, Rockingham County, New Hampshire"
"2769","312","2634","323","9","16","0","11","43","49","0","11","0","11","83","80","0","11","83","80","1400000US33017080100","Census Tract 801, Strafford County, New Hampshire"
"2664","285","2537","317","0","11","0","11","107","97","0","11","0","11","20","20","0","11","20","20","1400000US33017080202","Census Tract 802.02, Strafford County, New Hampshire"
"5967","320","5163","303","65","45","0","16","475","136","0","16","40","40","224","65","0","16","224","65","1400000US33017080203","Census Tract 802.03, Strafford County, New Hampshire"
"5081","399","4718","406","54","36","0","16","178","65","0","16","12","21","119","63","0","16","119","63","1400000US33017080204","Census Tract 802.04, Strafford County, New Hampshire"
"6386","156","5714","297","2","7","5","9","509","253","0","16","8","17","148","115","0","16","148","115","1400000US33017080500","Census Tract 805, Strafford County, New Hampshire"
"6907","432","6186","477","194","204","0","16","304","120","0","16","0","16","223","169","0","16","223","169","1400000US33017081100","Census Tract 811, Strafford County, New Hampshire"
"5024","398","4681","372","0","16","0","16","191","152","0","16","0","16","152","147","0","16","152","147","1400000US33017081200","Census Tract 812, Strafford County, New Hampshire"
"4893","433","4532","463","62","59","13","17","128","175","0","11","14","24","144","130","13","20","131","129","1400000US33017081300","Census Tract 813, Strafford County, New Hampshire"
"2036","165","1744","170","71","50","7","10","107","56","0","11","0","11","107","75","0","11","107","75","1400000US33017081400","Census Tract 814, Strafford County, New Hampshire"
"5689","396","5054","386","9","19","0","16","451","232","0","16","39","62","136","122","73","109","63","57","1400000US33017081500","Census Tract 815, Strafford County, New Hampshire"
"7028","421","6653","422","70","38","7","11","108","97","0","16","7","13","183","96","0","16","183","96","1400000US33017081600","Census Tract 816, Strafford County, New Hampshire"
"2567","21","2441","103","68","86","0","11","0","11","0","11","0","11","58","46","0","11","58","46","1400000US33017082000","Census Tract 820, Strafford County, New Hampshire"
"7075","438","5986","497","235","200","19","30","429","320","0","16","113","113","293","172","17","25","276","173","1400000US33017083001","Census Tract 830.01, Strafford County, New Hampshire"
"4850","441","4016","425","151","142","0","11","375","173","0","11","43","57","265","189","198","190","67","62","1400000US33017083002","Census Tract 830.02, Strafford County, New Hampshire"
"4877","351","4616","369","0","11","0","11","28","40","53","73","45","57","135","100","75","83","60","79","1400000US33017084100","Census Tract 841, Strafford County, New Hampshire"
"7679","475","7354","494","117","143","18","29","84","62","0","16","0","16","106","95","0","16","106","95","1400000US33017084200","Census Tract 842, Strafford County, New Hampshire"
"6741","510","6089","605","72","84","0","16","286","215","0","16","0","16","294","245","0","16","294","245","1400000US33017084300","Census Tract 843, Strafford County, New Hampshire"
"4269","292","4094","313","22","28","0","11","0","11","0","11","31","34","122","95","0","11","122","95","1400000US33017084400","Census Tract 844, Strafford County, New Hampshire"
"4335","322","4138","327","1","4","0","11","39","44","0","11","28","45","129","103","0","11","129","103","1400000US33017084500","Census Tract 845, Strafford County, New Hampshire"
"3054","325","2879","270","0","11","0","11","143","203","0","11","0","11","32","34","0","11","32","34","1400000US33017084600","Census Tract 846, Strafford County, New Hampshire"
"9063","31","8733","302","0","16","0","16","257","291","0","16","0","16","73","74","0","16","73","74","1400000US33017085000","Census Tract 850, Strafford County, New Hampshire"
"4140","18","4076","52","51","47","0","11","4","6","0","11","0","11","9","14","0","11","9","14","1400000US33017086000","Census Tract 860, Strafford County, New Hampshire"
"6930","17","6735","148","0","16","0","16","67","105","0","16","0","16","128","97","0","16","128","97","1400000US33017087000","Census Tract 870, Strafford County, New Hampshire"
"4620","24","4523","69","1","3","0","11","12","17","0","11","0","11","84","64","0","11","84","64","1400000US33017088000","Census Tract 880, Strafford County, New Hampshire"
"4480","163","4303","182","30","26","25","26","6","10","0","11","11","15","105","64","0","11","105","64","1400000US33017088500","Census Tract 885, Strafford County, New Hampshire"
"4338","281","4155","290","31","33","14","14","91","75","0","11","3","6","44","42","0","11","44","42","1400000US33019975100","Census Tract 9751, Sullivan County, New Hampshire"
"4892","307","4827","305","10","22","24","34","1","3","0","11","0","11","30","29","0","11","30","29","1400000US33019975200","Census Tract 9752, Sullivan County, New Hampshire"
"3449","19","3412","48","7","16","0","11","30","45","0","11","0","11","0","11","0","11","0","11","1400000US33019975300","Census Tract 9753, Sullivan County, New Hampshire"
"6374","19","6031","203","15","29","98","131","26","30","0","16","0","16","204","137","1","2","203","137","1400000US33019975400","Census Tract 9754, Sullivan County, New Hampshire"
"2824","229","2698","220","0","11","0","11","32","51","0","11","13","18","81","65","14","25","67","62","1400000US33019975500","Census Tract 9755, Sullivan County, New Hampshire"
"3231","196","3113","193","17","19","0","11","17","18","0","11","21","19","63","50","0","11","63","50","1400000US33019975600","Census Tract 9756, Sullivan County, New Hampshire"
"5019","19","4799","158","0","16","8","13","91","107","0","16","0","16","121","118","0","16","121","118","1400000US33019975700","Census Tract 9757, Sullivan County, New Hampshire"
"5087","358","4811","368","180","122","0","16","26","51","0","16","0","16","70","85","0","16","70","85","1400000US33019975800","Census Tract 9758, Sullivan County, New Hampshire"
"4465","395","4332","399","22","38","0","11","31","52","0","11","0","11","80","76","0","11","80","76","1400000US33019975901","Census Tract 9759.01, Sullivan County, New Hampshire"
"3425","329","3333","345","59","71","0","11","0","11","0","11","0","11","33","47","0","11","33","47","1400000US33019975902","Census Tract 9759.02, Sullivan County, New Hampshire"
"1348124","*****","1252128","1387","21546","1100","2036","345","36180","804","443","158","7510","1102","28281","1252","1999","392","26282","1147","0400000US33","New Hampshire"
