"B25003_001E","B25003_001M","B25003_002E","B25003_002M","B25003_003E","B25003_003M","GEO_ID","NAME"
"Estimate!!Total:","Margin of Error!!Total:","Estimate!!Total:!!Owner occupied","Margin of Error!!Total:!!Owner occupied","Estimate!!Total:!!Renter occupied","Margin of Error!!Total:!!Renter occupied","id","Geographic Area Name"
"1332","90","1141","106","191","62","1400000US33001965100","Census Tract 9651, Belknap County, New Hampshire"
"1491","128","1024","126","467","124","1400000US33001965200","Census Tract 9652, Belknap County, New Hampshire"
"1370","134","1067","150","303","115","1400000US33001965300","Census Tract 9653, Belknap County, New Hampshire"
"1119","93","895","99","224","89","1400000US33001965400","Census Tract 9654, Belknap County, New Hampshire"
"1434","109","933","130","501","121","1400000US33001965598","Census Tract 9655.98, Belknap County, New Hampshire"
"1515","120","1351","119","164","88","1400000US33001965600","Census Tract 9656, Belknap County, New Hampshire"
"1753","153","1518","166","235","126","1400000US33001965700","Census Tract 9657, Belknap County, New Hampshire"
"2998","229","2528","255","470","165","1400000US33001965800","Census Tract 9658, Belknap County, New Hampshire"
"1747","116","1014","125","733","130","1400000US33001965900","Census Tract 9659, Belknap County, New Hampshire"
"1969","180","1094","204","875","212","1400000US33001966000","Census Tract 9660, Belknap County, New Hampshire"
"1937","148","1264","145","673","167","1400000US33001966100","Census Tract 9661, Belknap County, New Hampshire"
"1280","120","648","101","632","133","1400000US33001966200","Census Tract 9662, Belknap County, New Hampshire"
"659","82","535","80","124","56","1400000US33001966401","Census Tract 9664.01, Belknap County, New Hampshire"
"2373","141","2028","177","345","151","1400000US33001966402","Census Tract 9664.02, Belknap County, New Hampshire"
"2075","179","1878","179","197","129","1400000US33001966500","Census Tract 9665, Belknap County, New Hampshire"
"1995","194","1500","224","495","173","1400000US33003955100","Census Tract 9551, Carroll County, New Hampshire"
"2858","250","1874","275","984","279","1400000US33003955300","Census Tract 9553, Carroll County, New Hampshire"
"1917","181","1372","183","545","146","1400000US33003955400","Census Tract 9554, Carroll County, New Hampshire"
"1112","102","894","110","218","63","1400000US33003955500","Census Tract 9555, Carroll County, New Hampshire"
"2250","173","1772","163","478","142","1400000US33003955600","Census Tract 9556, Carroll County, New Hampshire"
"1205","105","1065","105","140","54","1400000US33003955800","Census Tract 9558, Carroll County, New Hampshire"
"2011","164","1540","176","471","121","1400000US33003955900","Census Tract 9559, Carroll County, New Hampshire"
"2420","212","2190","227","230","115","1400000US33003956000","Census Tract 9560, Carroll County, New Hampshire"
"3000","206","2429","221","571","210","1400000US33003956100","Census Tract 9561, Carroll County, New Hampshire"
"1765","118","1531","124","234","86","1400000US33003956300","Census Tract 9563, Carroll County, New Hampshire"
"923","104","858","101","65","38","1400000US33003956400","Census Tract 9564, Carroll County, New Hampshire"
"1720","72","1381","92","339","72","1400000US33005970100","Census Tract 9701, Cheshire County, New Hampshire"
"1677","112","1244","126","433","130","1400000US33005970200","Census Tract 9702, Cheshire County, New Hampshire"
"2082","98","1825","100","257","53","1400000US33005970400","Census Tract 9704, Cheshire County, New Hampshire"
"2107","219","1385","174","722","191","1400000US33005970500","Census Tract 9705, Cheshire County, New Hampshire"
"1762","171","1464","175","298","91","1400000US33005970600","Census Tract 9706, Cheshire County, New Hampshire"
"1429","79","1252","84","177","64","1400000US33005970700","Census Tract 9707, Cheshire County, New Hampshire"
"1757","88","1190","95","567","95","1400000US33005970800","Census Tract 9708, Cheshire County, New Hampshire"
"3089","233","2195","255","894","197","1400000US33005970900","Census Tract 9709, Cheshire County, New Hampshire"
"2322","176","1630","138","692","163","1400000US33005971000","Census Tract 9710, Cheshire County, New Hampshire"
"2300","160","853","169","1447","225","1400000US33005971100","Census Tract 9711, Cheshire County, New Hampshire"
"1541","117","658","97","883","139","1400000US33005971300","Census Tract 9713, Cheshire County, New Hampshire"
"1298","125","572","92","726","139","1400000US33005971401","Census Tract 9714.01, Cheshire County, New Hampshire"
"1731","107","1148","98","583","108","1400000US33005971402","Census Tract 9714.02, Cheshire County, New Hampshire"
"2024","193","1698","216","326","141","1400000US33005971500","Census Tract 9715, Cheshire County, New Hampshire"
"1643","126","1333","160","310","137","1400000US33005971600","Census Tract 9716, Cheshire County, New Hampshire"
"1659","185","1101","194","558","119","1400000US33005971700","Census Tract 9717, Cheshire County, New Hampshire"
"982","73","836","66","146","43","1400000US33007950100","Census Tract 9501, Coos County, New Hampshire"
"1270","87","965","77","305","59","1400000US33007950200","Census Tract 9502, Coos County, New Hampshire"
"850","61","727","56","123","43","1400000US33007950300","Census Tract 9503, Coos County, New Hampshire"
"1494","76","1064","89","430","71","1400000US33007950400","Census Tract 9504, Coos County, New Hampshire"
"1366","149","1019","108","347","116","1400000US33007950500","Census Tract 9505, Coos County, New Hampshire"
"1447","147","822","133","625","121","1400000US33007950600","Census Tract 9506, Coos County, New Hampshire"
"1325","105","871","117","454","123","1400000US33007950700","Census Tract 9507, Coos County, New Hampshire"
"1205","118","535","89","670","131","1400000US33007950800","Census Tract 9508, Coos County, New Hampshire"
"1443","106","1123","88","320","83","1400000US33007950900","Census Tract 9509, Coos County, New Hampshire"
"916","79","759","75","157","50","1400000US33007951000","Census Tract 9510, Coos County, New Hampshire"
"1470","117","1007","101","463","109","1400000US33007951100","Census Tract 9511, Coos County, New Hampshire"
"2891","224","1510","218","1381","265","1400000US33009960100","Census Tract 9601, Grafton County, New Hampshire"
"1801","130","1401","109","400","97","1400000US33009960200","Census Tract 9602, Grafton County, New Hampshire"
"2012","117","1649","98","363","66","1400000US33009960300","Census Tract 9603, Grafton County, New Hampshire"
"1506","126","1203","127","303","75","1400000US33009960400","Census Tract 9604, Grafton County, New Hampshire"
"971","94","772","82","199","58","1400000US33009960500","Census Tract 9605, Grafton County, New Hampshire"
"1754","148","1335","147","419","116","1400000US33009960600","Census Tract 9606, Grafton County, New Hampshire"
"1174","68","983","71","191","49","1400000US33009960700","Census Tract 9607, Grafton County, New Hampshire"
"1976","228","1578","201","398","154","1400000US33009960800","Census Tract 9608, Grafton County, New Hampshire"
"1291","74","1158","78","133","35","1400000US33009960900","Census Tract 9609, Grafton County, New Hampshire"
"2147","233","1379","271","768","196","1400000US33009961000","Census Tract 9610, Grafton County, New Hampshire"
"1638","133","1074","124","564","120","1400000US33009961100","Census Tract 9611, Grafton County, New Hampshire"
"1765","155","1323","137","442","94","1400000US33009961200","Census Tract 9612, Grafton County, New Hampshire"
"1365","77","1236","80","129","41","1400000US33009961300","Census Tract 9613, Grafton County, New Hampshire"
"1487","174","1190","151","297","121","1400000US33009961400","Census Tract 9614, Grafton County, New Hampshire"
"2027","197","1323","176","704","183","1400000US33009961500","Census Tract 9615, Grafton County, New Hampshire"
"980","122","815","123","165","91","1400000US33009961601","Census Tract 9616.01, Grafton County, New Hampshire"
"1859","201","1053","138","806","177","1400000US33009961602","Census Tract 9616.02, Grafton County, New Hampshire"
"3599","245","1623","189","1976","256","1400000US33009961700","Census Tract 9617, Grafton County, New Hampshire"
"2484","164","1476","154","1008","172","1400000US33009961800","Census Tract 9618, Grafton County, New Hampshire"
"1252","69","735","100","517","113","1400000US33011000101","Census Tract 1.01, Hillsborough County, New Hampshire"
"1850","106","1256","95","594","118","1400000US33011000102","Census Tract 1.02, Hillsborough County, New Hampshire"
"921","54","463","62","458","70","1400000US33011000202","Census Tract 2.02, Hillsborough County, New Hampshire"
"1846","112","368","84","1478","125","1400000US33011000203","Census Tract 2.03, Hillsborough County, New Hampshire"
"2453","150","657","119","1796","167","1400000US33011000204","Census Tract 2.04, Hillsborough County, New Hampshire"
"1305","99","360","88","945","121","1400000US33011000300","Census Tract 3, Hillsborough County, New Hampshire"
"1077","95","123","35","954","100","1400000US33011000600","Census Tract 6, Hillsborough County, New Hampshire"
"1250","69","921","87","329","92","1400000US33011000700","Census Tract 7, Hillsborough County, New Hampshire"
"903","67","301","74","602","85","1400000US33011000800","Census Tract 8, Hillsborough County, New Hampshire"
"1490","62","906","115","584","114","1400000US33011000901","Census Tract 9.01, Hillsborough County, New Hampshire"
"2326","108","1131","177","1195","197","1400000US33011000902","Census Tract 9.02, Hillsborough County, New Hampshire"
"2502","95","1762","162","740","163","1400000US33011001000","Census Tract 10, Hillsborough County, New Hampshire"
"2020","157","1663","181","357","125","1400000US33011001100","Census Tract 11, Hillsborough County, New Hampshire"
"727","66","404","69","323","77","1400000US33011001200","Census Tract 12, Hillsborough County, New Hampshire"
"1368","100","206","64","1162","119","1400000US33011001300","Census Tract 13, Hillsborough County, New Hampshire"
"963","66","53","40","910","77","1400000US33011001400","Census Tract 14, Hillsborough County, New Hampshire"
"990","70","95","38","895","82","1400000US33011001500","Census Tract 15, Hillsborough County, New Hampshire"
"1462","122","284","82","1178","127","1400000US33011001600","Census Tract 16, Hillsborough County, New Hampshire"
"971","84","188","68","783","102","1400000US33011001700","Census Tract 17, Hillsborough County, New Hampshire"
"2332","129","1149","208","1183","197","1400000US33011001800","Census Tract 18, Hillsborough County, New Hampshire"
"1240","95","283","91","957","123","1400000US33011001900","Census Tract 19, Hillsborough County, New Hampshire"
"859","87","106","40","753","94","1400000US33011002000","Census Tract 20, Hillsborough County, New Hampshire"
"2060","113","471","90","1589","127","1400000US33011002100","Census Tract 21, Hillsborough County, New Hampshire"
"1409","94","783","108","626","120","1400000US33011002200","Census Tract 22, Hillsborough County, New Hampshire"
"1563","125","905","110","658","115","1400000US33011002300","Census Tract 23, Hillsborough County, New Hampshire"
"2984","125","1460","203","1524","200","1400000US33011002400","Census Tract 24, Hillsborough County, New Hampshire"
"2120","155","1400","199","720","164","1400000US33011002500","Census Tract 25, Hillsborough County, New Hampshire"
"2156","84","1805","159","351","122","1400000US33011002600","Census Tract 26, Hillsborough County, New Hampshire"
"1373","103","1272","108","101","54","1400000US33011002701","Census Tract 27.01, Hillsborough County, New Hampshire"
"2376","109","1908","141","468","132","1400000US33011002702","Census Tract 27.02, Hillsborough County, New Hampshire"
"2366","115","1673","152","693","155","1400000US33011002800","Census Tract 28, Hillsborough County, New Hampshire"
"2890","147","2196","153","694","149","1400000US33011002901","Census Tract 29.01, Hillsborough County, New Hampshire"
"2331","136","1909","140","422","110","1400000US33011002902","Census Tract 29.02, Hillsborough County, New Hampshire"
"2592","90","2592","90","0","16","1400000US33011002903","Census Tract 29.03, Hillsborough County, New Hampshire"
"2064","81","1720","116","344","105","1400000US33011010100","Census Tract 101, Hillsborough County, New Hampshire"
"3227","96","1482","187","1745","189","1400000US33011010200","Census Tract 102, Hillsborough County, New Hampshire"
"1940","51","1666","87","274","82","1400000US33011010301","Census Tract 103.01, Hillsborough County, New Hampshire"
"1810","90","1225","114","585","82","1400000US33011010302","Census Tract 103.02, Hillsborough County, New Hampshire"
"2056","86","1337","133","719","155","1400000US33011010400","Census Tract 104, Hillsborough County, New Hampshire"
"1764","137","326","107","1438","167","1400000US33011010500","Census Tract 105, Hillsborough County, New Hampshire"
"2501","150","534","192","1967","198","1400000US33011010600","Census Tract 106, Hillsborough County, New Hampshire"
"878","59","123","41","755","68","1400000US33011010700","Census Tract 107, Hillsborough County, New Hampshire"
"2997","160","501","149","2496","207","1400000US33011010800","Census Tract 108, Hillsborough County, New Hampshire"
"2287","124","1302","190","985","201","1400000US33011010900","Census Tract 109, Hillsborough County, New Hampshire"
"1772","65","1480","124","292","112","1400000US33011011000","Census Tract 110, Hillsborough County, New Hampshire"
"1770","89","274","76","1496","106","1400000US33011011101","Census Tract 111.01, Hillsborough County, New Hampshire"
"1817","97","280","62","1537","111","1400000US33011011102","Census Tract 111.02, Hillsborough County, New Hampshire"
"2985","121","2097","130","888","178","1400000US33011011200","Census Tract 112, Hillsborough County, New Hampshire"
"1482","56","1413","68","69","54","1400000US33011011300","Census Tract 113, Hillsborough County, New Hampshire"
"2199","87","1899","146","300","120","1400000US33011011401","Census Tract 114.01, Hillsborough County, New Hampshire"
"1909","62","1381","100","528","110","1400000US33011011402","Census Tract 114.02, Hillsborough County, New Hampshire"
"1076","45","988","55","88","41","1400000US33011011500","Census Tract 115, Hillsborough County, New Hampshire"
"3101","130","2810","170","291","120","1400000US33011012100","Census Tract 121, Hillsborough County, New Hampshire"
"3008","148","2223","208","785","207","1400000US33011012200","Census Tract 122, Hillsborough County, New Hampshire"
"3105","143","2722","205","383","152","1400000US33011012300","Census Tract 123, Hillsborough County, New Hampshire"
"3060","117","2754","148","306","121","1400000US33011013100","Census Tract 131, Hillsborough County, New Hampshire"
"2820","97","1884","190","936","186","1400000US33011014100","Census Tract 141, Hillsborough County, New Hampshire"
"2075","62","1996","82","79","68","1400000US33011014201","Census Tract 142.01, Hillsborough County, New Hampshire"
"2276","90","2067","135","209","95","1400000US33011014202","Census Tract 142.02, Hillsborough County, New Hampshire"
"2822","69","2724","101","98","65","1400000US33011014300","Census Tract 143, Hillsborough County, New Hampshire"
"1925","92","1737","105","188","76","1400000US33011015100","Census Tract 151, Hillsborough County, New Hampshire"
"2204","105","2119","112","85","59","1400000US33011015200","Census Tract 152, Hillsborough County, New Hampshire"
"1301","79","930","100","371","105","1400000US33011016100","Census Tract 161, Hillsborough County, New Hampshire"
"3115","184","1345","170","1770","199","1400000US33011016201","Census Tract 162.01, Hillsborough County, New Hampshire"
"1900","95","1673","122","227","109","1400000US33011016202","Census Tract 162.02, Hillsborough County, New Hampshire"
"2968","131","2733","125","235","141","1400000US33011017100","Census Tract 171, Hillsborough County, New Hampshire"
"1736","70","1638","91","98","58","1400000US33011018000","Census Tract 180, Hillsborough County, New Hampshire"
"872","77","642","81","230","75","1400000US33011018501","Census Tract 185.01, Hillsborough County, New Hampshire"
"599","38","569","40","30","18","1400000US33011018502","Census Tract 185.02, Hillsborough County, New Hampshire"
"1586","112","1368","112","218","76","1400000US33011019000","Census Tract 190, Hillsborough County, New Hampshire"
"687","55","636","54","51","27","1400000US33011019501","Census Tract 195.01, Hillsborough County, New Hampshire"
"909","55","814","77","95","45","1400000US33011019502","Census Tract 195.02, Hillsborough County, New Hampshire"
"1964","120","1792","120","172","78","1400000US33011020000","Census Tract 200, Hillsborough County, New Hampshire"
"3129","158","2914","198","215","112","1400000US33011021000","Census Tract 210, Hillsborough County, New Hampshire"
"2020","97","1718","96","302","58","1400000US33011021500","Census Tract 215, Hillsborough County, New Hampshire"
"696","51","555","50","141","40","1400000US33011022000","Census Tract 220, Hillsborough County, New Hampshire"
"2533","144","2254","168","279","105","1400000US33011022500","Census Tract 225, Hillsborough County, New Hampshire"
"3019","244","2031","219","988","232","1400000US33011023000","Census Tract 230, Hillsborough County, New Hampshire"
"781","55","683","51","98","30","1400000US33011024000","Census Tract 240, Hillsborough County, New Hampshire"
"993","87","710","91","283","65","1400000US33011025000","Census Tract 250, Hillsborough County, New Hampshire"
"2400","201","2072","190","328","140","1400000US33011025500","Census Tract 255, Hillsborough County, New Hampshire"
"1707","96","1578","102","129","62","1400000US33011200100","Census Tract 2001, Hillsborough County, New Hampshire"
"1577","118","1439","132","138","73","1400000US33011200200","Census Tract 2002, Hillsborough County, New Hampshire"
"1548","106","1354","95","194","85","1400000US33011200300","Census Tract 2003, Hillsborough County, New Hampshire"
"1789","129","97","58","1692","136","1400000US33011200400","Census Tract 2004, Hillsborough County, New Hampshire"
"0","11","0","11","0","11","1400000US33011980101","Census Tract 9801.01, Hillsborough County, New Hampshire"
"1481","76","1114","90","367","87","1400000US33013003001","Census Tract 30.01, Merrimack County, New Hampshire"
"1311","78","1011","99","300","88","1400000US33013003006","Census Tract 30.06, Merrimack County, New Hampshire"
"1788","107","1379","114","409","114","1400000US33013003100","Census Tract 31, Merrimack County, New Hampshire"
"2690","164","2108","223","582","186","1400000US33013003200","Census Tract 32, Merrimack County, New Hampshire"
"938","45","878","53","60","26","1400000US33013030000","Census Tract 300, Merrimack County, New Hampshire"
"1349","68","1247","66","102","44","1400000US33013031001","Census Tract 310.01, Merrimack County, New Hampshire"
"1366","78","1180","84","186","59","1400000US33013031002","Census Tract 310.02, Merrimack County, New Hampshire"
"1454","75","1096","74","358","82","1400000US33013032100","Census Tract 321, Merrimack County, New Hampshire"
"1262","97","346","110","916","140","1400000US33013032200","Census Tract 322, Merrimack County, New Hampshire"
"860","75","239","52","621","85","1400000US33013032300","Census Tract 323, Merrimack County, New Hampshire"
"1644","95","556","101","1088","137","1400000US33013032400","Census Tract 324, Merrimack County, New Hampshire"
"1323","101","952","112","371","99","1400000US33013032500","Census Tract 325, Merrimack County, New Hampshire"
"954","86","573","89","381","93","1400000US33013032600","Census Tract 326, Merrimack County, New Hampshire"
"544","58","456","60","88","39","1400000US33013032701","Census Tract 327.01, Merrimack County, New Hampshire"
"1525","74","934","88","591","81","1400000US33013032706","Census Tract 327.06, Merrimack County, New Hampshire"
"1980","142","1580","149","400","137","1400000US33013032800","Census Tract 328, Merrimack County, New Hampshire"
"2237","129","372","100","1865","154","1400000US33013032900","Census Tract 329, Merrimack County, New Hampshire"
"969","55","882","80","87","53","1400000US33013033000","Census Tract 330, Merrimack County, New Hampshire"
"1787","124","1505","107","282","82","1400000US33013034000","Census Tract 340, Merrimack County, New Hampshire"
"1675","159","1076","143","599","147","1400000US33013035000","Census Tract 350, Merrimack County, New Hampshire"
"2050","174","1759","181","291","138","1400000US33013036000","Census Tract 360, Merrimack County, New Hampshire"
"970","60","892","67","78","40","1400000US33013037000","Census Tract 370, Merrimack County, New Hampshire"
"1374","112","1086","143","288","107","1400000US33013038000","Census Tract 380, Merrimack County, New Hampshire"
"1904","129","1458","131","446","96","1400000US33013038500","Census Tract 385, Merrimack County, New Hampshire"
"2193","126","1950","130","243","100","1400000US33013039000","Census Tract 390, Merrimack County, New Hampshire"
"1805","127","1356","138","449","115","1400000US33013040000","Census Tract 400, Merrimack County, New Hampshire"
"2326","98","2099","91","227","59","1400000US33013040500","Census Tract 405, Merrimack County, New Hampshire"
"1551","161","1256","148","295","90","1400000US33013041000","Census Tract 410, Merrimack County, New Hampshire"
"1558","82","1337","97","221","57","1400000US33013041500","Census Tract 415, Merrimack County, New Hampshire"
"1608","71","1415","100","193","76","1400000US33013042500","Census Tract 425, Merrimack County, New Hampshire"
"1841","146","976","137","865","144","1400000US33013043001","Census Tract 430.01, Merrimack County, New Hampshire"
"2068","163","1504","152","564","142","1400000US33013043002","Census Tract 430.02, Merrimack County, New Hampshire"
"1860","118","1390","132","470","109","1400000US33013044000","Census Tract 440, Merrimack County, New Hampshire"
"1722","95","1099","149","623","129","1400000US33013044100","Census Tract 441, Merrimack County, New Hampshire"
"2460","124","1843","160","617","167","1400000US33013044200","Census Tract 442, Merrimack County, New Hampshire"
"2025","89","1049","122","976","104","1400000US33013044300","Census Tract 443, Merrimack County, New Hampshire"
"1557","78","1361","102","196","83","1400000US33015003301","Census Tract 33.01, Rockingham County, New Hampshire"
"1816","110","1110","92","706","100","1400000US33015003302","Census Tract 33.02, Rockingham County, New Hampshire"
"2380","139","1134","168","1246","176","1400000US33015003400","Census Tract 34, Rockingham County, New Hampshire"
"2548","187","766","151","1782","231","1400000US33015003500","Census Tract 35, Rockingham County, New Hampshire"
"2435","147","2035","201","400","166","1400000US33015003601","Census Tract 36.01, Rockingham County, New Hampshire"
"2005","92","1885","96","120","50","1400000US33015003602","Census Tract 36.02, Rockingham County, New Hampshire"
"1536","79","1334","91","202","82","1400000US33015003701","Census Tract 37.01, Rockingham County, New Hampshire"
"2137","114","1781","156","356","113","1400000US33015003703","Census Tract 37.03, Rockingham County, New Hampshire"
"1325","50","1286","55","39","29","1400000US33015003801","Census Tract 38.01, Rockingham County, New Hampshire"
"1449","61","1418","64","31","24","1400000US33015003802","Census Tract 38.02, Rockingham County, New Hampshire"
"1712","85","1091","95","621","109","1400000US33015003901","Census Tract 39.01, Rockingham County, New Hampshire"
"1179","49","1079","91","100","71","1400000US33015003902","Census Tract 39.02, Rockingham County, New Hampshire"
"1973","91","1819","147","154","88","1400000US33015004000","Census Tract 40, Rockingham County, New Hampshire"
"1537","80","1454","91","83","62","1400000US33015050000","Census Tract 500, Rockingham County, New Hampshire"
"1687","101","1642","95","45","45","1400000US33015051000","Census Tract 510, Rockingham County, New Hampshire"
"2229","137","2025","145","204","103","1400000US33015052000","Census Tract 520, Rockingham County, New Hampshire"
"1685","93","1430","117","255","107","1400000US33015053000","Census Tract 530, Rockingham County, New Hampshire"
"1764","77","1614","99","150","72","1400000US33015054000","Census Tract 540, Rockingham County, New Hampshire"
"2261","133","1812","199","449","163","1400000US33015055001","Census Tract 550.01, Rockingham County, New Hampshire"
"1851","130","1412","144","439","126","1400000US33015055002","Census Tract 550.02, Rockingham County, New Hampshire"
"1653","86","1453","121","200","79","1400000US33015056000","Census Tract 560, Rockingham County, New Hampshire"
"1611","107","1460","120","151","72","1400000US33015057000","Census Tract 570, Rockingham County, New Hampshire"
"1900","108","1767","119","133","66","1400000US33015058000","Census Tract 580, Rockingham County, New Hampshire"
"2680","155","2288","170","392","148","1400000US33015059000","Census Tract 590, Rockingham County, New Hampshire"
"1533","82","1400","110","133","73","1400000US33015060000","Census Tract 600, Rockingham County, New Hampshire"
"2764","143","1867","148","897","144","1400000US33015061001","Census Tract 610.01, Rockingham County, New Hampshire"
"888","65","849","65","39","27","1400000US33015062000","Census Tract 620, Rockingham County, New Hampshire"
"1147","75","1024","59","123","41","1400000US33015062500","Census Tract 625, Rockingham County, New Hampshire"
"1648","127","845","128","803","147","1400000US33015063001","Census Tract 630.01, Rockingham County, New Hampshire"
"2176","156","1755","158","421","133","1400000US33015063002","Census Tract 630.02, Rockingham County, New Hampshire"
"909","54","828","64","81","38","1400000US33015064000","Census Tract 640, Rockingham County, New Hampshire"
"3387","147","2834","181","553","130","1400000US33015065001","Census Tract 650.01, Rockingham County, New Hampshire"
"1221","116","876","96","345","109","1400000US33015065005","Census Tract 650.05, Rockingham County, New Hampshire"
"727","64","617","59","110","47","1400000US33015065006","Census Tract 650.06, Rockingham County, New Hampshire"
"830","82","554","69","276","67","1400000US33015065007","Census Tract 650.07, Rockingham County, New Hampshire"
"923","116","513","93","410","114","1400000US33015065008","Census Tract 650.08, Rockingham County, New Hampshire"
"1820","118","1612","123","208","75","1400000US33015066000","Census Tract 660, Rockingham County, New Hampshire"
"2817","137","2487","162","330","133","1400000US33015067000","Census Tract 670, Rockingham County, New Hampshire"
"2957","144","1924","173","1033","158","1400000US33015067501","Census Tract 675.01, Rockingham County, New Hampshire"
"1678","110","757","111","921","121","1400000US33015067502","Census Tract 675.02, Rockingham County, New Hampshire"
"2174","146","854","104","1320","161","1400000US33015069100","Census Tract 691, Rockingham County, New Hampshire"
"1464","96","634","80","830","96","1400000US33015069200","Census Tract 692, Rockingham County, New Hampshire"
"1042","82","730","77","312","87","1400000US33015069300","Census Tract 693, Rockingham County, New Hampshire"
"1395","110","1004","107","391","81","1400000US33015069700","Census Tract 697, Rockingham County, New Hampshire"
"2364","153","1941","155","423","174","1400000US33015071000","Census Tract 710, Rockingham County, New Hampshire"
"2496","133","2294","153","202","116","1400000US33015100100","Census Tract 1001, Rockingham County, New Hampshire"
"2161","103","1503","123","658","120","1400000US33015100200","Census Tract 1002, Rockingham County, New Hampshire"
"1753","103","1539","133","214","88","1400000US33015100301","Census Tract 1003.01, Rockingham County, New Hampshire"
"1862","112","1254","134","608","146","1400000US33015100302","Census Tract 1003.02, Rockingham County, New Hampshire"
"3264","150","2416","200","848","176","1400000US33015100400","Census Tract 1004, Rockingham County, New Hampshire"
"3119","164","2548","220","571","169","1400000US33015101100","Census Tract 1011, Rockingham County, New Hampshire"
"1853","107","1487","144","366","104","1400000US33015102100","Census Tract 1021, Rockingham County, New Hampshire"
"2745","185","2551","169","194","106","1400000US33015103100","Census Tract 1031, Rockingham County, New Hampshire"
"2042","99","1365","141","677","149","1400000US33015104101","Census Tract 1041.01, Rockingham County, New Hampshire"
"1531","86","1424","113","107","73","1400000US33015104102","Census Tract 1041.02, Rockingham County, New Hampshire"
"2411","198","2031","186","380","139","1400000US33015105100","Census Tract 1051, Rockingham County, New Hampshire"
"2600","146","2479","159","121","77","1400000US33015106101","Census Tract 1061.01, Rockingham County, New Hampshire"
"2409","140","2326","151","83","66","1400000US33015106102","Census Tract 1061.02, Rockingham County, New Hampshire"
"1875","119","1257","136","618","137","1400000US33015106200","Census Tract 1062, Rockingham County, New Hampshire"
"1903","126","1355","150","548","123","1400000US33015106400","Census Tract 1064, Rockingham County, New Hampshire"
"1152","58","460","83","692","101","1400000US33015107100","Census Tract 1071, Rockingham County, New Hampshire"
"2807","128","1542","146","1265","121","1400000US33015107200","Census Tract 1072, Rockingham County, New Hampshire"
"465","37","404","46","61","29","1400000US33015107400","Census Tract 1074, Rockingham County, New Hampshire"
"1823","87","1515","90","308","77","1400000US33015107500","Census Tract 1075, Rockingham County, New Hampshire"
"0","11","0","11","0","11","1400000US33015980011","Census Tract 9800.11, Rockingham County, New Hampshire"
"0","11","0","11","0","11","1400000US33015990000","Census Tract 9900, Rockingham County, New Hampshire"
"1028","100","888","82","140","68","1400000US33017080100","Census Tract 801, Strafford County, New Hampshire"
"1051","100","614","76","437","89","1400000US33017080202","Census Tract 802.02, Strafford County, New Hampshire"
"629","97","203","45","426","89","1400000US33017080203","Census Tract 802.03, Strafford County, New Hampshire"
"479","75","149","29","330","73","1400000US33017080204","Census Tract 802.04, Strafford County, New Hampshire"
"2491","183","2152","166","339","142","1400000US33017080500","Census Tract 805, Strafford County, New Hampshire"
"3064","172","1600","201","1464","202","1400000US33017081100","Census Tract 811, Strafford County, New Hampshire"
"2051","133","1562","156","489","121","1400000US33017081200","Census Tract 812, Strafford County, New Hampshire"
"2344","139","765","157","1579","174","1400000US33017081300","Census Tract 813, Strafford County, New Hampshire"
"985","81","248","54","737","81","1400000US33017081400","Census Tract 814, Strafford County, New Hampshire"
"2732","163","1005","176","1727","189","1400000US33017081500","Census Tract 815, Strafford County, New Hampshire"
"2313","122","1769","165","544","144","1400000US33017081600","Census Tract 816, Strafford County, New Hampshire"
"1040","61","798","62","242","56","1400000US33017082000","Census Tract 820, Strafford County, New Hampshire"
"2882","200","1262","163","1620","243","1400000US33017083001","Census Tract 830.01, Strafford County, New Hampshire"
"2245","169","1533","202","712","208","1400000US33017083002","Census Tract 830.02, Strafford County, New Hampshire"
"2130","110","1654","154","476","130","1400000US33017084100","Census Tract 841, Strafford County, New Hampshire"
"3224","216","2365","235","859","236","1400000US33017084200","Census Tract 842, Strafford County, New Hampshire"
"2938","161","1586","189","1352","221","1400000US33017084300","Census Tract 843, Strafford County, New Hampshire"
"1676","103","1066","132","610","143","1400000US33017084400","Census Tract 844, Strafford County, New Hampshire"
"1574","113","983","111","591","110","1400000US33017084500","Census Tract 845, Strafford County, New Hampshire"
"1238","96","947","77","291","101","1400000US33017084600","Census Tract 846, Strafford County, New Hampshire"
"3183","200","2904","213","279","139","1400000US33017085000","Census Tract 850, Strafford County, New Hampshire"
"1395","85","1271","89","124","57","1400000US33017086000","Census Tract 860, Strafford County, New Hampshire"
"2868","200","1931","249","937","230","1400000US33017087000","Census Tract 870, Strafford County, New Hampshire"
"1811","105","1602","107","209","92","1400000US33017088000","Census Tract 880, Strafford County, New Hampshire"
"1611","78","1478","80","133","47","1400000US33017088500","Census Tract 885, Strafford County, New Hampshire"
"1656","104","1489","102","167","53","1400000US33019975100","Census Tract 9751, Sullivan County, New Hampshire"
"1957","179","1737","193","220","88","1400000US33019975200","Census Tract 9752, Sullivan County, New Hampshire"
"1393","139","1044","138","349","122","1400000US33019975300","Census Tract 9753, Sullivan County, New Hampshire"
"2600","168","1743","186","857","184","1400000US33019975400","Census Tract 9754, Sullivan County, New Hampshire"
"1207","98","1089","93","118","38","1400000US33019975500","Census Tract 9755, Sullivan County, New Hampshire"
"1198","90","1094","84","104","27","1400000US33019975600","Census Tract 9756, Sullivan County, New Hampshire"
"2086","184","1584","209","502","134","1400000US33019975700","Census Tract 9757, Sullivan County, New Hampshire"
"1937","154","1278","153","659","135","1400000US33019975800","Census Tract 9758, Sullivan County, New Hampshire"
"1875","162","956","152","919","212","1400000US33019975901","Census Tract 9759.01, Sullivan County, New Hampshire"
"1419","149","687","114","732","144","1400000US33019975902","Census Tract 9759.02, Sullivan County, New Hampshire"
"532037","2311","378178","2687","153859","2373","0400000US33","New Hampshire"
