"B19083_001E","B19083_001M","GEO_ID","NAME"
"Estimate!!Gini Index","Margin of Error!!Gini Index","id","Geographic Area Name"
"0.3924","0.0333","1400000US33001965100","Census Tract 9651, Belknap County, New Hampshire"
"0.5108","0.0666","1400000US33001965200","Census Tract 9652, Belknap County, New Hampshire"
"0.4448","0.0600","1400000US33001965300","Census Tract 9653, Belknap County, New Hampshire"
"0.4125","0.0574","1400000US33001965400","Census Tract 9654, Belknap County, New Hampshire"
"0.3866","0.0339","1400000US33001965598","Census Tract 9655.98, Belknap County, New Hampshire"
"0.3962","0.0496","1400000US33001965600","Census Tract 9656, Belknap County, New Hampshire"
"0.3950","0.0555","1400000US33001965700","Census Tract 9657, Belknap County, New Hampshire"
"0.4368","0.0524","1400000US33001965800","Census Tract 9658, Belknap County, New Hampshire"
"0.4073","0.0326","1400000US33001965900","Census Tract 9659, Belknap County, New Hampshire"
"0.3863","0.0445","1400000US33001966000","Census Tract 9660, Belknap County, New Hampshire"
"0.4212","0.0398","1400000US33001966100","Census Tract 9661, Belknap County, New Hampshire"
"0.5021","0.0822","1400000US33001966200","Census Tract 9662, Belknap County, New Hampshire"
"0.4747","0.0541","1400000US33001966401","Census Tract 9664.01, Belknap County, New Hampshire"
"0.4619","0.0505","1400000US33001966402","Census Tract 9664.02, Belknap County, New Hampshire"
"0.3940","0.0695","1400000US33001966500","Census Tract 9665, Belknap County, New Hampshire"
"0.4781","0.0629","1400000US33003955100","Census Tract 9551, Carroll County, New Hampshire"
"0.4076","0.0551","1400000US33003955300","Census Tract 9553, Carroll County, New Hampshire"
"0.4472","0.0709","1400000US33003955400","Census Tract 9554, Carroll County, New Hampshire"
"0.4223","0.0587","1400000US33003955500","Census Tract 9555, Carroll County, New Hampshire"
"0.4687","0.0443","1400000US33003955600","Census Tract 9556, Carroll County, New Hampshire"
"0.3870","0.0425","1400000US33003955800","Census Tract 9558, Carroll County, New Hampshire"
"0.4081","0.0330","1400000US33003955900","Census Tract 9559, Carroll County, New Hampshire"
"0.3775","0.0356","1400000US33003956000","Census Tract 9560, Carroll County, New Hampshire"
"0.4573","0.0512","1400000US33003956100","Census Tract 9561, Carroll County, New Hampshire"
"0.4915","0.0449","1400000US33003956300","Census Tract 9563, Carroll County, New Hampshire"
"0.4330","0.0576","1400000US33003956400","Census Tract 9564, Carroll County, New Hampshire"
"0.3921","0.0286","1400000US33005970100","Census Tract 9701, Cheshire County, New Hampshire"
"0.4309","0.0429","1400000US33005970200","Census Tract 9702, Cheshire County, New Hampshire"
"0.4241","0.0269","1400000US33005970400","Census Tract 9704, Cheshire County, New Hampshire"
"0.4336","0.0741","1400000US33005970500","Census Tract 9705, Cheshire County, New Hampshire"
"0.3870","0.0365","1400000US33005970600","Census Tract 9706, Cheshire County, New Hampshire"
"0.4224","0.0343","1400000US33005970700","Census Tract 9707, Cheshire County, New Hampshire"
"0.4678","0.0786","1400000US33005970800","Census Tract 9708, Cheshire County, New Hampshire"
"0.3745","0.0352","1400000US33005970900","Census Tract 9709, Cheshire County, New Hampshire"
"0.4221","0.0685","1400000US33005971000","Census Tract 9710, Cheshire County, New Hampshire"
"0.4427","0.0365","1400000US33005971100","Census Tract 9711, Cheshire County, New Hampshire"
"0.4137","0.0533","1400000US33005971300","Census Tract 9713, Cheshire County, New Hampshire"
"0.4535","0.0633","1400000US33005971401","Census Tract 9714.01, Cheshire County, New Hampshire"
"0.4517","0.0370","1400000US33005971402","Census Tract 9714.02, Cheshire County, New Hampshire"
"0.4201","0.0509","1400000US33005971500","Census Tract 9715, Cheshire County, New Hampshire"
"0.3871","0.0443","1400000US33005971600","Census Tract 9716, Cheshire County, New Hampshire"
"0.3818","0.0432","1400000US33005971700","Census Tract 9717, Cheshire County, New Hampshire"
"0.4132","0.0454","1400000US33007950100","Census Tract 9501, Coos County, New Hampshire"
"0.4835","0.0469","1400000US33007950200","Census Tract 9502, Coos County, New Hampshire"
"0.3642","0.0342","1400000US33007950300","Census Tract 9503, Coos County, New Hampshire"
"0.3891","0.0236","1400000US33007950400","Census Tract 9504, Coos County, New Hampshire"
"0.4197","0.0438","1400000US33007950500","Census Tract 9505, Coos County, New Hampshire"
"0.5004","0.0429","1400000US33007950600","Census Tract 9506, Coos County, New Hampshire"
"0.3830","0.0349","1400000US33007950700","Census Tract 9507, Coos County, New Hampshire"
"0.3986","0.0392","1400000US33007950800","Census Tract 9508, Coos County, New Hampshire"
"0.4289","0.0361","1400000US33007950900","Census Tract 9509, Coos County, New Hampshire"
"0.3753","0.0218","1400000US33007951000","Census Tract 9510, Coos County, New Hampshire"
"0.4184","0.0370","1400000US33007951100","Census Tract 9511, Coos County, New Hampshire"
"0.4832","0.0828","1400000US33009960100","Census Tract 9601, Grafton County, New Hampshire"
"0.4576","0.0382","1400000US33009960200","Census Tract 9602, Grafton County, New Hampshire"
"0.4264","0.0231","1400000US33009960300","Census Tract 9603, Grafton County, New Hampshire"
"0.3823","0.0297","1400000US33009960400","Census Tract 9604, Grafton County, New Hampshire"
"0.4344","0.0395","1400000US33009960500","Census Tract 9605, Grafton County, New Hampshire"
"0.4237","0.0460","1400000US33009960600","Census Tract 9606, Grafton County, New Hampshire"
"0.4406","0.0336","1400000US33009960700","Census Tract 9607, Grafton County, New Hampshire"
"0.4500","0.0418","1400000US33009960800","Census Tract 9608, Grafton County, New Hampshire"
"0.5103","0.0327","1400000US33009960900","Census Tract 9609, Grafton County, New Hampshire"
"0.5089","0.0557","1400000US33009961000","Census Tract 9610, Grafton County, New Hampshire"
"0.4270","0.0354","1400000US33009961100","Census Tract 9611, Grafton County, New Hampshire"
"0.4131","0.0339","1400000US33009961200","Census Tract 9612, Grafton County, New Hampshire"
"0.4049","0.0372","1400000US33009961300","Census Tract 9613, Grafton County, New Hampshire"
"0.3874","0.0673","1400000US33009961400","Census Tract 9614, Grafton County, New Hampshire"
"0.4101","0.0412","1400000US33009961500","Census Tract 9615, Grafton County, New Hampshire"
"0.4008","0.0422","1400000US33009961601","Census Tract 9616.01, Grafton County, New Hampshire"
"0.5795","0.0601","1400000US33009961602","Census Tract 9616.02, Grafton County, New Hampshire"
"0.4790","0.0415","1400000US33009961700","Census Tract 9617, Grafton County, New Hampshire"
"0.4333","0.0440","1400000US33009961800","Census Tract 9618, Grafton County, New Hampshire"
"0.4632","0.0446","1400000US33011000101","Census Tract 1.01, Hillsborough County, New Hampshire"
"0.4776","0.0519","1400000US33011000102","Census Tract 1.02, Hillsborough County, New Hampshire"
"0.4503","0.0364","1400000US33011000202","Census Tract 2.02, Hillsborough County, New Hampshire"
"0.3939","0.0424","1400000US33011000203","Census Tract 2.03, Hillsborough County, New Hampshire"
"0.3782","0.0354","1400000US33011000204","Census Tract 2.04, Hillsborough County, New Hampshire"
"0.4469","0.0649","1400000US33011000300","Census Tract 3, Hillsborough County, New Hampshire"
"0.4450","0.0588","1400000US33011000600","Census Tract 6, Hillsborough County, New Hampshire"
"0.3504","0.0513","1400000US33011000700","Census Tract 7, Hillsborough County, New Hampshire"
"0.4206","0.0416","1400000US33011000800","Census Tract 8, Hillsborough County, New Hampshire"
"0.4124","0.0713","1400000US33011000901","Census Tract 9.01, Hillsborough County, New Hampshire"
"0.3671","0.0423","1400000US33011000902","Census Tract 9.02, Hillsborough County, New Hampshire"
"0.3531","0.0330","1400000US33011001000","Census Tract 10, Hillsborough County, New Hampshire"
"0.3176","0.0428","1400000US33011001100","Census Tract 11, Hillsborough County, New Hampshire"
"0.3554","0.0335","1400000US33011001200","Census Tract 12, Hillsborough County, New Hampshire"
"0.4201","0.0410","1400000US33011001300","Census Tract 13, Hillsborough County, New Hampshire"
"0.4577","0.0377","1400000US33011001400","Census Tract 14, Hillsborough County, New Hampshire"
"0.3847","0.0380","1400000US33011001500","Census Tract 15, Hillsborough County, New Hampshire"
"0.4164","0.0718","1400000US33011001600","Census Tract 16, Hillsborough County, New Hampshire"
"0.4981","0.1005","1400000US33011001700","Census Tract 17, Hillsborough County, New Hampshire"
"0.3828","0.0435","1400000US33011001800","Census Tract 18, Hillsborough County, New Hampshire"
"0.3487","0.0462","1400000US33011001900","Census Tract 19, Hillsborough County, New Hampshire"
"0.5028","0.0861","1400000US33011002000","Census Tract 20, Hillsborough County, New Hampshire"
"0.3758","0.0298","1400000US33011002100","Census Tract 21, Hillsborough County, New Hampshire"
"0.3786","0.0340","1400000US33011002200","Census Tract 22, Hillsborough County, New Hampshire"
"0.3840","0.0399","1400000US33011002300","Census Tract 23, Hillsborough County, New Hampshire"
"0.4140","0.0320","1400000US33011002400","Census Tract 24, Hillsborough County, New Hampshire"
"0.4523","0.0979","1400000US33011002500","Census Tract 25, Hillsborough County, New Hampshire"
"0.3494","0.0502","1400000US33011002600","Census Tract 26, Hillsborough County, New Hampshire"
"0.3725","0.0691","1400000US33011002701","Census Tract 27.01, Hillsborough County, New Hampshire"
"0.3882","0.0419","1400000US33011002702","Census Tract 27.02, Hillsborough County, New Hampshire"
"0.3802","0.0488","1400000US33011002800","Census Tract 28, Hillsborough County, New Hampshire"
"0.4080","0.0365","1400000US33011002901","Census Tract 29.01, Hillsborough County, New Hampshire"
"0.3803","0.0349","1400000US33011002902","Census Tract 29.02, Hillsborough County, New Hampshire"
"0.3737","0.0266","1400000US33011002903","Census Tract 29.03, Hillsborough County, New Hampshire"
"0.4095","0.0453","1400000US33011010100","Census Tract 101, Hillsborough County, New Hampshire"
"0.3759","0.0347","1400000US33011010200","Census Tract 102, Hillsborough County, New Hampshire"
"0.4001","0.0363","1400000US33011010301","Census Tract 103.01, Hillsborough County, New Hampshire"
"0.4016","0.0382","1400000US33011010302","Census Tract 103.02, Hillsborough County, New Hampshire"
"0.4154","0.0419","1400000US33011010400","Census Tract 104, Hillsborough County, New Hampshire"
"0.4704","0.0556","1400000US33011010500","Census Tract 105, Hillsborough County, New Hampshire"
"0.3974","0.0717","1400000US33011010600","Census Tract 106, Hillsborough County, New Hampshire"
"0.5019","0.0475","1400000US33011010700","Census Tract 107, Hillsborough County, New Hampshire"
"0.5129","0.0605","1400000US33011010800","Census Tract 108, Hillsborough County, New Hampshire"
"0.3708","0.0421","1400000US33011010900","Census Tract 109, Hillsborough County, New Hampshire"
"0.4129","0.0674","1400000US33011011000","Census Tract 110, Hillsborough County, New Hampshire"
"0.3347","0.0369","1400000US33011011101","Census Tract 111.01, Hillsborough County, New Hampshire"
"0.3680","0.0407","1400000US33011011102","Census Tract 111.02, Hillsborough County, New Hampshire"
"0.4078","0.0502","1400000US33011011200","Census Tract 112, Hillsborough County, New Hampshire"
"0.3352","0.0581","1400000US33011011300","Census Tract 113, Hillsborough County, New Hampshire"
"0.4203","0.0358","1400000US33011011401","Census Tract 114.01, Hillsborough County, New Hampshire"
"0.4013","0.0496","1400000US33011011402","Census Tract 114.02, Hillsborough County, New Hampshire"
"0.4113","0.0456","1400000US33011011500","Census Tract 115, Hillsborough County, New Hampshire"
"0.3093","0.0260","1400000US33011012100","Census Tract 121, Hillsborough County, New Hampshire"
"0.4189","0.0405","1400000US33011012200","Census Tract 122, Hillsborough County, New Hampshire"
"0.3588","0.0580","1400000US33011012300","Census Tract 123, Hillsborough County, New Hampshire"
"0.3363","0.0289","1400000US33011013100","Census Tract 131, Hillsborough County, New Hampshire"
"0.4600","0.0553","1400000US33011014100","Census Tract 141, Hillsborough County, New Hampshire"
"0.3160","0.0346","1400000US33011014201","Census Tract 142.01, Hillsborough County, New Hampshire"
"0.3192","0.0384","1400000US33011014202","Census Tract 142.02, Hillsborough County, New Hampshire"
"0.3171","0.0316","1400000US33011014300","Census Tract 143, Hillsborough County, New Hampshire"
"0.4397","0.0681","1400000US33011015100","Census Tract 151, Hillsborough County, New Hampshire"
"0.3703","0.0410","1400000US33011015200","Census Tract 152, Hillsborough County, New Hampshire"
"0.3608","0.0392","1400000US33011016100","Census Tract 161, Hillsborough County, New Hampshire"
"0.4078","0.0390","1400000US33011016201","Census Tract 162.01, Hillsborough County, New Hampshire"
"0.3614","0.0361","1400000US33011016202","Census Tract 162.02, Hillsborough County, New Hampshire"
"0.4118","0.0404","1400000US33011017100","Census Tract 171, Hillsborough County, New Hampshire"
"0.3179","0.0467","1400000US33011018000","Census Tract 180, Hillsborough County, New Hampshire"
"0.3679","0.0334","1400000US33011018501","Census Tract 185.01, Hillsborough County, New Hampshire"
"0.3218","0.0305","1400000US33011018502","Census Tract 185.02, Hillsborough County, New Hampshire"
"0.3894","0.0714","1400000US33011019000","Census Tract 190, Hillsborough County, New Hampshire"
"0.3795","0.0441","1400000US33011019501","Census Tract 195.01, Hillsborough County, New Hampshire"
"0.3699","0.0307","1400000US33011019502","Census Tract 195.02, Hillsborough County, New Hampshire"
"0.3424","0.0291","1400000US33011020000","Census Tract 200, Hillsborough County, New Hampshire"
"0.3522","0.0397","1400000US33011021000","Census Tract 210, Hillsborough County, New Hampshire"
"0.4274","0.0327","1400000US33011021500","Census Tract 215, Hillsborough County, New Hampshire"
"0.3756","0.0409","1400000US33011022000","Census Tract 220, Hillsborough County, New Hampshire"
"0.3863","0.0296","1400000US33011022500","Census Tract 225, Hillsborough County, New Hampshire"
"0.4739","0.0432","1400000US33011023000","Census Tract 230, Hillsborough County, New Hampshire"
"0.4657","0.0669","1400000US33011024000","Census Tract 240, Hillsborough County, New Hampshire"
"0.3867","0.0397","1400000US33011025000","Census Tract 250, Hillsborough County, New Hampshire"
"0.3814","0.0484","1400000US33011025500","Census Tract 255, Hillsborough County, New Hampshire"
"0.3653","0.0376","1400000US33011200100","Census Tract 2001, Hillsborough County, New Hampshire"
"0.3523","0.0372","1400000US33011200200","Census Tract 2002, Hillsborough County, New Hampshire"
"0.3703","0.0440","1400000US33011200300","Census Tract 2003, Hillsborough County, New Hampshire"
"0.5183","0.0512","1400000US33011200400","Census Tract 2004, Hillsborough County, New Hampshire"
"-","**","1400000US33011980101","Census Tract 9801.01, Hillsborough County, New Hampshire"
"0.3463","0.0370","1400000US33013003001","Census Tract 30.01, Merrimack County, New Hampshire"
"0.4503","0.0660","1400000US33013003006","Census Tract 30.06, Merrimack County, New Hampshire"
"0.4042","0.0337","1400000US33013003100","Census Tract 31, Merrimack County, New Hampshire"
"0.4123","0.0873","1400000US33013003200","Census Tract 32, Merrimack County, New Hampshire"
"0.3781","0.0413","1400000US33013030000","Census Tract 300, Merrimack County, New Hampshire"
"0.3822","0.0564","1400000US33013031001","Census Tract 310.01, Merrimack County, New Hampshire"
"0.3555","0.0337","1400000US33013031002","Census Tract 310.02, Merrimack County, New Hampshire"
"0.3240","0.0328","1400000US33013032100","Census Tract 321, Merrimack County, New Hampshire"
"0.4205","0.0487","1400000US33013032200","Census Tract 322, Merrimack County, New Hampshire"
"0.4950","0.0402","1400000US33013032300","Census Tract 323, Merrimack County, New Hampshire"
"0.4779","0.0378","1400000US33013032400","Census Tract 324, Merrimack County, New Hampshire"
"0.4664","0.0353","1400000US33013032500","Census Tract 325, Merrimack County, New Hampshire"
"0.3427","0.0406","1400000US33013032600","Census Tract 326, Merrimack County, New Hampshire"
"0.3397","0.0369","1400000US33013032701","Census Tract 327.01, Merrimack County, New Hampshire"
"0.3858","0.0509","1400000US33013032706","Census Tract 327.06, Merrimack County, New Hampshire"
"0.4005","0.0558","1400000US33013032800","Census Tract 328, Merrimack County, New Hampshire"
"0.4049","0.0444","1400000US33013032900","Census Tract 329, Merrimack County, New Hampshire"
"0.3651","0.0645","1400000US33013033000","Census Tract 330, Merrimack County, New Hampshire"
"0.4188","0.0561","1400000US33013034000","Census Tract 340, Merrimack County, New Hampshire"
"0.4149","0.0573","1400000US33013035000","Census Tract 350, Merrimack County, New Hampshire"
"0.3883","0.0453","1400000US33013036000","Census Tract 360, Merrimack County, New Hampshire"
"0.3964","0.0346","1400000US33013037000","Census Tract 370, Merrimack County, New Hampshire"
"0.3552","0.0494","1400000US33013038000","Census Tract 380, Merrimack County, New Hampshire"
"0.3943","0.0334","1400000US33013038500","Census Tract 385, Merrimack County, New Hampshire"
"0.3955","0.0348","1400000US33013039000","Census Tract 390, Merrimack County, New Hampshire"
"0.4110","0.0382","1400000US33013040000","Census Tract 400, Merrimack County, New Hampshire"
"0.3957","0.0246","1400000US33013040500","Census Tract 405, Merrimack County, New Hampshire"
"0.4663","0.0419","1400000US33013041000","Census Tract 410, Merrimack County, New Hampshire"
"0.4100","0.0265","1400000US33013041500","Census Tract 415, Merrimack County, New Hampshire"
"0.3602","0.0339","1400000US33013042500","Census Tract 425, Merrimack County, New Hampshire"
"0.3911","0.0386","1400000US33013043001","Census Tract 430.01, Merrimack County, New Hampshire"
"0.4389","0.0568","1400000US33013043002","Census Tract 430.02, Merrimack County, New Hampshire"
"0.4089","0.0664","1400000US33013044000","Census Tract 440, Merrimack County, New Hampshire"
"0.3938","0.0325","1400000US33013044100","Census Tract 441, Merrimack County, New Hampshire"
"0.3796","0.0396","1400000US33013044200","Census Tract 442, Merrimack County, New Hampshire"
"0.4262","0.0362","1400000US33013044300","Census Tract 443, Merrimack County, New Hampshire"
"0.3304","0.0269","1400000US33015003301","Census Tract 33.01, Rockingham County, New Hampshire"
"0.4086","0.0702","1400000US33015003302","Census Tract 33.02, Rockingham County, New Hampshire"
"0.4416","0.0659","1400000US33015003400","Census Tract 34, Rockingham County, New Hampshire"
"0.4134","0.0819","1400000US33015003500","Census Tract 35, Rockingham County, New Hampshire"
"0.3445","0.0286","1400000US33015003601","Census Tract 36.01, Rockingham County, New Hampshire"
"0.2838","0.0312","1400000US33015003602","Census Tract 36.02, Rockingham County, New Hampshire"
"0.3469","0.0276","1400000US33015003701","Census Tract 37.01, Rockingham County, New Hampshire"
"0.4039","0.0462","1400000US33015003703","Census Tract 37.03, Rockingham County, New Hampshire"
"0.2896","0.0208","1400000US33015003801","Census Tract 38.01, Rockingham County, New Hampshire"
"0.3649","0.0409","1400000US33015003802","Census Tract 38.02, Rockingham County, New Hampshire"
"0.3294","0.0235","1400000US33015003901","Census Tract 39.01, Rockingham County, New Hampshire"
"0.3566","0.0296","1400000US33015003902","Census Tract 39.02, Rockingham County, New Hampshire"
"0.3468","0.0518","1400000US33015004000","Census Tract 40, Rockingham County, New Hampshire"
"0.4058","0.0344","1400000US33015050000","Census Tract 500, Rockingham County, New Hampshire"
"0.3328","0.0415","1400000US33015051000","Census Tract 510, Rockingham County, New Hampshire"
"0.3203","0.0385","1400000US33015052000","Census Tract 520, Rockingham County, New Hampshire"
"0.3793","0.0356","1400000US33015053000","Census Tract 530, Rockingham County, New Hampshire"
"0.3021","0.0312","1400000US33015054000","Census Tract 540, Rockingham County, New Hampshire"
"0.3523","0.0361","1400000US33015055001","Census Tract 550.01, Rockingham County, New Hampshire"
"0.3555","0.0377","1400000US33015055002","Census Tract 550.02, Rockingham County, New Hampshire"
"0.3841","0.0340","1400000US33015056000","Census Tract 560, Rockingham County, New Hampshire"
"0.3366","0.0305","1400000US33015057000","Census Tract 570, Rockingham County, New Hampshire"
"0.3688","0.0597","1400000US33015058000","Census Tract 580, Rockingham County, New Hampshire"
"0.3701","0.0342","1400000US33015059000","Census Tract 590, Rockingham County, New Hampshire"
"0.3866","0.0323","1400000US33015060000","Census Tract 600, Rockingham County, New Hampshire"
"0.4782","0.0437","1400000US33015061001","Census Tract 610.01, Rockingham County, New Hampshire"
"0.3695","0.0268","1400000US33015062000","Census Tract 620, Rockingham County, New Hampshire"
"0.3986","0.0197","1400000US33015062500","Census Tract 625, Rockingham County, New Hampshire"
"0.4668","0.0806","1400000US33015063001","Census Tract 630.01, Rockingham County, New Hampshire"
"0.4194","0.0381","1400000US33015063002","Census Tract 630.02, Rockingham County, New Hampshire"
"0.4510","0.0629","1400000US33015064000","Census Tract 640, Rockingham County, New Hampshire"
"0.4478","0.0516","1400000US33015065001","Census Tract 650.01, Rockingham County, New Hampshire"
"0.3909","0.0621","1400000US33015065005","Census Tract 650.05, Rockingham County, New Hampshire"
"0.4878","0.0571","1400000US33015065006","Census Tract 650.06, Rockingham County, New Hampshire"
"0.4928","0.0695","1400000US33015065007","Census Tract 650.07, Rockingham County, New Hampshire"
"0.4548","0.0444","1400000US33015065008","Census Tract 650.08, Rockingham County, New Hampshire"
"0.4782","0.0454","1400000US33015066000","Census Tract 660, Rockingham County, New Hampshire"
"0.4080","0.0347","1400000US33015067000","Census Tract 670, Rockingham County, New Hampshire"
"0.4196","0.0303","1400000US33015067501","Census Tract 675.01, Rockingham County, New Hampshire"
"0.3918","0.0320","1400000US33015067502","Census Tract 675.02, Rockingham County, New Hampshire"
"0.5170","0.0455","1400000US33015069100","Census Tract 691, Rockingham County, New Hampshire"
"0.4137","0.0302","1400000US33015069200","Census Tract 692, Rockingham County, New Hampshire"
"0.4707","0.0457","1400000US33015069300","Census Tract 693, Rockingham County, New Hampshire"
"0.5240","0.0949","1400000US33015069700","Census Tract 697, Rockingham County, New Hampshire"
"0.5343","0.0653","1400000US33015071000","Census Tract 710, Rockingham County, New Hampshire"
"0.4653","0.0398","1400000US33015100100","Census Tract 1001, Rockingham County, New Hampshire"
"0.4059","0.0334","1400000US33015100200","Census Tract 1002, Rockingham County, New Hampshire"
"0.3593","0.0416","1400000US33015100301","Census Tract 1003.01, Rockingham County, New Hampshire"
"0.4510","0.0544","1400000US33015100302","Census Tract 1003.02, Rockingham County, New Hampshire"
"0.4373","0.0338","1400000US33015100400","Census Tract 1004, Rockingham County, New Hampshire"
"0.3882","0.0452","1400000US33015101100","Census Tract 1011, Rockingham County, New Hampshire"
"0.3482","0.0396","1400000US33015102100","Census Tract 1021, Rockingham County, New Hampshire"
"0.3623","0.0371","1400000US33015103100","Census Tract 1031, Rockingham County, New Hampshire"
"0.4394","0.0421","1400000US33015104101","Census Tract 1041.01, Rockingham County, New Hampshire"
"0.3971","0.0513","1400000US33015104102","Census Tract 1041.02, Rockingham County, New Hampshire"
"0.4371","0.1061","1400000US33015105100","Census Tract 1051, Rockingham County, New Hampshire"
"0.3905","0.0390","1400000US33015106101","Census Tract 1061.01, Rockingham County, New Hampshire"
"0.3510","0.0390","1400000US33015106102","Census Tract 1061.02, Rockingham County, New Hampshire"
"0.4596","0.0395","1400000US33015106200","Census Tract 1062, Rockingham County, New Hampshire"
"0.4736","0.0526","1400000US33015106400","Census Tract 1064, Rockingham County, New Hampshire"
"0.4731","0.0487","1400000US33015107100","Census Tract 1071, Rockingham County, New Hampshire"
"0.3702","0.0440","1400000US33015107200","Census Tract 1072, Rockingham County, New Hampshire"
"0.3919","0.0452","1400000US33015107400","Census Tract 1074, Rockingham County, New Hampshire"
"0.3822","0.0357","1400000US33015107500","Census Tract 1075, Rockingham County, New Hampshire"
"-","**","1400000US33015980011","Census Tract 9800.11, Rockingham County, New Hampshire"
"-","**","1400000US33015990000","Census Tract 9900, Rockingham County, New Hampshire"
"0.3426","0.0410","1400000US33017080100","Census Tract 801, Strafford County, New Hampshire"
"0.5650","0.0784","1400000US33017080202","Census Tract 802.02, Strafford County, New Hampshire"
"0.5738","0.0676","1400000US33017080203","Census Tract 802.03, Strafford County, New Hampshire"
"0.5506","0.0767","1400000US33017080204","Census Tract 802.04, Strafford County, New Hampshire"
"0.3678","0.0353","1400000US33017080500","Census Tract 805, Strafford County, New Hampshire"
"0.4054","0.0285","1400000US33017081100","Census Tract 811, Strafford County, New Hampshire"
"0.3805","0.0350","1400000US33017081200","Census Tract 812, Strafford County, New Hampshire"
"0.4189","0.0552","1400000US33017081300","Census Tract 813, Strafford County, New Hampshire"
"0.4204","0.0341","1400000US33017081400","Census Tract 814, Strafford County, New Hampshire"
"0.4356","0.0817","1400000US33017081500","Census Tract 815, Strafford County, New Hampshire"
"0.4827","0.0795","1400000US33017081600","Census Tract 816, Strafford County, New Hampshire"
"0.4316","0.0473","1400000US33017082000","Census Tract 820, Strafford County, New Hampshire"
"0.3981","0.0469","1400000US33017083001","Census Tract 830.01, Strafford County, New Hampshire"
"0.3369","0.0386","1400000US33017083002","Census Tract 830.02, Strafford County, New Hampshire"
"0.4712","0.0722","1400000US33017084100","Census Tract 841, Strafford County, New Hampshire"
"0.4631","0.0593","1400000US33017084200","Census Tract 842, Strafford County, New Hampshire"
"0.4067","0.0337","1400000US33017084300","Census Tract 843, Strafford County, New Hampshire"
"0.3885","0.0422","1400000US33017084400","Census Tract 844, Strafford County, New Hampshire"
"0.3422","0.0323","1400000US33017084500","Census Tract 845, Strafford County, New Hampshire"
"0.3984","0.0578","1400000US33017084600","Census Tract 846, Strafford County, New Hampshire"
"0.3966","0.0646","1400000US33017085000","Census Tract 850, Strafford County, New Hampshire"
"0.3501","0.0311","1400000US33017086000","Census Tract 860, Strafford County, New Hampshire"
"0.3690","0.0457","1400000US33017087000","Census Tract 870, Strafford County, New Hampshire"
"0.3460","0.0329","1400000US33017088000","Census Tract 880, Strafford County, New Hampshire"
"0.3761","0.0260","1400000US33017088500","Census Tract 885, Strafford County, New Hampshire"
"0.4603","0.0389","1400000US33019975100","Census Tract 9751, Sullivan County, New Hampshire"
"0.3560","0.0341","1400000US33019975200","Census Tract 9752, Sullivan County, New Hampshire"
"0.4949","0.1002","1400000US33019975300","Census Tract 9753, Sullivan County, New Hampshire"
"0.4293","0.0444","1400000US33019975400","Census Tract 9754, Sullivan County, New Hampshire"
"0.4023","0.0388","1400000US33019975500","Census Tract 9755, Sullivan County, New Hampshire"
"0.3736","0.0268","1400000US33019975600","Census Tract 9756, Sullivan County, New Hampshire"
"0.4300","0.0649","1400000US33019975700","Census Tract 9757, Sullivan County, New Hampshire"
"0.3784","0.0343","1400000US33019975800","Census Tract 9758, Sullivan County, New Hampshire"
"0.4175","0.0529","1400000US33019975901","Census Tract 9759.01, Sullivan County, New Hampshire"
"0.4516","0.0748","1400000US33019975902","Census Tract 9759.02, Sullivan County, New Hampshire"
"0.4384","0.0039","0400000US33","New Hampshire"
