"B14007_001E","B14007_001M","B14007_002E","B14007_002M","B14007_003E","B14007_003M","B14007_004E","B14007_004M","B14007_005E","B14007_005M","B14007_006E","B14007_006M","B14007_007E","B14007_007M","B14007_008E","B14007_008M","B14007_009E","B14007_009M","B14007_010E","B14007_010M","B14007_011E","B14007_011M","B14007_012E","B14007_012M","B14007_013E","B14007_013M","B14007_014E","B14007_014M","B14007_015E","B14007_015M","B14007_016E","B14007_016M","B14007_017E","B14007_017M","B14007_018E","B14007_018M","B14007_019E","B14007_019M","GEO_ID","NAME"
"Estimate!!Total:","Margin of Error!!Total:","Estimate!!Total:!!Enrolled in school:","Margin of Error!!Total:!!Enrolled in school:","Estimate!!Total:!!Enrolled in school:!!Enrolled in nursery school, preschool","Margin of Error!!Total:!!Enrolled in school:!!Enrolled in nursery school, preschool","Estimate!!Total:!!Enrolled in school:!!Enrolled in kindergarten","Margin of Error!!Total:!!Enrolled in school:!!Enrolled in kindergarten","Estimate!!Total:!!Enrolled in school:!!Enrolled in grade 1","Margin of Error!!Total:!!Enrolled in school:!!Enrolled in grade 1","Estimate!!Total:!!Enrolled in school:!!Enrolled in grade 2","Margin of Error!!Total:!!Enrolled in school:!!Enrolled in grade 2","Estimate!!Total:!!Enrolled in school:!!Enrolled in grade 3","Margin of Error!!Total:!!Enrolled in school:!!Enrolled in grade 3","Estimate!!Total:!!Enrolled in school:!!Enrolled in grade 4","Margin of Error!!Total:!!Enrolled in school:!!Enrolled in grade 4","Estimate!!Total:!!Enrolled in school:!!Enrolled in grade 5","Margin of Error!!Total:!!Enrolled in school:!!Enrolled in grade 5","Estimate!!Total:!!Enrolled in school:!!Enrolled in grade 6","Margin of Error!!Total:!!Enrolled in school:!!Enrolled in grade 6","Estimate!!Total:!!Enrolled in school:!!Enrolled in grade 7","Margin of Error!!Total:!!Enrolled in school:!!Enrolled in grade 7","Estimate!!Total:!!Enrolled in school:!!Enrolled in grade 8","Margin of Error!!Total:!!Enrolled in school:!!Enrolled in grade 8","Estimate!!Total:!!Enrolled in school:!!Enrolled in grade 9","Margin of Error!!Total:!!Enrolled in school:!!Enrolled in grade 9","Estimate!!Total:!!Enrolled in school:!!Enrolled in grade 10","Margin of Error!!Total:!!Enrolled in school:!!Enrolled in grade 10","Estimate!!Total:!!Enrolled in school:!!Enrolled in grade 11","Margin of Error!!Total:!!Enrolled in school:!!Enrolled in grade 11","Estimate!!Total:!!Enrolled in school:!!Enrolled in grade 12","Margin of Error!!Total:!!Enrolled in school:!!Enrolled in grade 12","Estimate!!Total:!!Enrolled in school:!!Enrolled in college, undergraduate years","Margin of Error!!Total:!!Enrolled in school:!!Enrolled in college, undergraduate years","Estimate!!Total:!!Enrolled in school:!!Graduate or professional school","Margin of Error!!Total:!!Enrolled in school:!!Graduate or professional school","Estimate!!Total:!!Not enrolled in school","Margin of Error!!Total:!!Not enrolled in school","id","Geographic Area Name"
"3185","57","583","125","15","16","19","17","42","33","3","7","37","23","12","14","26","20","3","5","14","14","49","22","25","16","28","20","38","32","90","61","118","63","64","33","2602","126","1400000US33001965100","Census Tract 9651, Belknap County, New Hampshire"
"3098","222","453","106","35","32","3","10","15","22","15","26","30","36","28","32","62","44","19","27","30","28","25","29","12","19","80","61","31","37","17","28","51","45","0","11","2645","198","1400000US33001965200","Census Tract 9652, Belknap County, New Hampshire"
"3045","237","625","173","11","17","34","40","0","11","10","16","23","36","71","59","0","11","15","24","40","35","49","55","21","24","63","54","71","51","28","28","125","108","64","49","2420","192","1400000US33001965300","Census Tract 9653, Belknap County, New Hampshire"
"2928","44","592","102","54","32","7","13","27","26","59","44","37","35","30","21","23","22","63","35","10","14","38","33","18","19","59","45","36","26","47","35","73","45","11","13","2336","80","1400000US33001965400","Census Tract 9654, Belknap County, New Hampshire"
"3425","81","626","137","70","56","46","41","0","11","0","11","35","38","51","55","9","16","59","43","0","11","31","35","12","19","63","44","29","32","22","24","170","84","29","31","2799","118","1400000US33001965598","Census Tract 9655.98, Belknap County, New Hampshire"
"3652","55","918","156","105","55","25","28","40","36","31","28","28","31","133","98","78","62","0","11","54","63","49","67","16","18","58","54","26","24","33","36","124","71","118","78","2734","144","1400000US33001965600","Census Tract 9656, Belknap County, New Hampshire"
"4619","59","1125","171","52","60","70","48","69","41","83","46","46","43","0","11","46","43","78","47","37","35","116","69","28","30","105","72","55","41","45","42","220","99","75","53","3494","169","1400000US33001965700","Census Tract 9657, Belknap County, New Hampshire"
"7053","170","1518","312","50","56","104","73","41","34","61","54","95","68","92","74","6","12","194","121","72","77","159","108","54","57","102","67","69","64","113","83","246","132","60","57","5535","284","1400000US33001965800","Census Tract 9658, Belknap County, New Hampshire"
"3898","275","840","194","0","11","38","39","0","11","42","60","0","11","52","52","50","53","56","52","0","11","0","11","35","37","37","35","153","80","66","60","227","128","84","55","3058","233","1400000US33001965900","Census Tract 9659, Belknap County, New Hampshire"
"5278","396","1244","260","103","94","97","60","0","16","17","27","0","16","182","127","57","62","110","111","48","71","38","56","31","49","30","55","111","103","124","84","234","166","62","69","4034","351","1400000US33001966000","Census Tract 9660, Belknap County, New Hampshire"
"4053","347","691","176","24","29","37","34","56","53","18","29","41","45","38","34","56","43","68","52","18","27","26","30","54","49","37","39","31","27","61","56","88","55","38","43","3362","293","1400000US33001966100","Census Tract 9661, Belknap County, New Hampshire"
"2921","263","530","116","18","26","14","23","62","54","25","35","8","15","62","47","34","38","20","24","54","44","91","66","0","11","6","12","33","34","17","24","86","60","0","11","2391","228","1400000US33001966200","Census Tract 9662, Belknap County, New Hampshire"
"1172","153","85","40","5","8","0","11","0","11","0","11","10","14","8","12","0","11","8","12","0","11","8","12","7","10","6","9","0","11","4","8","19","17","10","13","1087","139","1400000US33001966401","Census Tract 9664.01, Belknap County, New Hampshire"
"5741","210","1671","375","59","66","55","59","113","104","76","71","52","57","19","33","185","99","96","71","128","99","47","53","63","56","99","93","93","66","133","77","311","287","142","97","4070","330","1400000US33001966402","Census Tract 9664.02, Belknap County, New Hampshire"
"5303","23","1338","223","28","47","0","16","71","63","52","61","117","123","132","76","48","53","122","70","51","56","91","71","82","67","47","42","80","77","185","102","97","71","135","101","3965","220","1400000US33001966500","Census Tract 9665, Belknap County, New Hampshire"
"3867","225","635","240","71","59","53","67","0","11","28","33","39","46","54","59","12","18","0","11","0","11","34","50","37","55","44","47","62","54","3","5","146","113","52","63","3232","291","1400000US33003955100","Census Tract 9551, Carroll County, New Hampshire"
"6129","427","1242","350","35","35","128","81","6","19","38","44","72","92","22","36","17","25","130","141","190","100","87","63","26","33","93","80","168","117","32","40","64","58","134","114","4887","404","1400000US33003955300","Census Tract 9553, Carroll County, New Hampshire"
"4076","419","943","195","131","84","35","28","107","77","68","82","52","33","77","53","57","38","8","14","27","38","50","44","131","101","11","18","6","10","120","64","63","54","0","11","3133","322","1400000US33003955400","Census Tract 9554, Carroll County, New Hampshire"
"2749","93","564","138","36","23","9","11","43","31","24","19","14","18","29","24","16","15","23","29","32","38","35","43","39","33","28","41","72","50","23","22","114","59","27","20","2185","143","1400000US33003955500","Census Tract 9555, Carroll County, New Hampshire"
"4993","231","803","281","53","58","41","27","16","18","52","55","16","14","25","26","113","88","8","11","9","11","99","88","35","19","151","106","7","8","25","18","70","45","83","69","4190","260","1400000US33003955600","Census Tract 9556, Carroll County, New Hampshire"
"2896","181","522","96","33","27","30","21","33","17","16","15","44","28","31","21","29","28","16","15","43","26","13","12","29","18","30","25","48","24","35","27","88","38","4","6","2374","154","1400000US33003955800","Census Tract 9558, Carroll County, New Hampshire"
"4214","60","501","164","26","27","6","10","12","17","53","38","18","23","47","37","22","23","62","63","0","11","28","26","66","53","10","17","10","16","43","53","88","66","10","16","3713","143","1400000US33003955900","Census Tract 9559, Carroll County, New Hampshire"
"5718","213","772","154","132","83","66","51","36","34","26","28","41","51","57","46","36","42","21","29","53","40","17","21","45","46","18","20","44","48","82","60","90","68","8","9","4946","209","1400000US33003956000","Census Tract 9560, Carroll County, New Hampshire"
"6202","91","878","232","25","41","0","16","53","49","31","49","53","56","132","107","0","16","0","16","42","79","91","110","33","54","89","87","92","82","82","83","107","100","48","70","5324","255","1400000US33003956100","Census Tract 9561, Carroll County, New Hampshire"
"4031","51","767","193","6","10","47","46","25","26","26","27","86","40","19","18","63","44","21","21","55","34","47","38","25","24","45","36","56","39","80","69","158","84","8","11","3264","183","1400000US33003956300","Census Tract 9563, Carroll County, New Hampshire"
"2162","214","357","102","36","28","0","11","6","9","34","27","23","16","10","16","14","13","24","24","0","11","4","6","44","33","0","11","13","12","16","16","93","68","40","33","1805","203","1400000US33003956400","Census Tract 9564, Carroll County, New Hampshire"
"4031","183","775","109","52","22","20","12","23","15","37","15","13","11","92","43","42","25","43","23","87","38","34","17","37","16","66","27","68","31","32","21","94","48","35","19","3256","162","1400000US33005970100","Census Tract 9701, Cheshire County, New Hampshire"
"3815","76","678","148","0","11","64","47","8","13","34","37","0","11","59","45","28","37","17","28","29","26","77","54","27","29","119","110","56","47","25","26","97","74","38","34","3137","164","1400000US33005970200","Census Tract 9702, Cheshire County, New Hampshire"
"5090","212","1046","128","66","28","35","17","42","19","61","32","51","23","46","20","44","25","71","37","55","23","49","21","35","16","56","21","36","17","77","39","267","69","55","40","4044","187","1400000US33005970400","Census Tract 9704, Cheshire County, New Hampshire"
"5239","53","1266","193","69","64","54","45","113","71","64","53","15","25","43","44","123","81","82","63","60","52","26","28","52","48","89","54","112","60","94","68","219","83","51","48","3973","189","1400000US33005970500","Census Tract 9705, Cheshire County, New Hampshire"
"5902","75","2156","265","192","88","57","30","78","39","89","48","76","46","76","40","110","48","57","36","74","40","38","25","34","27","39","29","9","14","70","51","1141","242","16","20","3746","266","1400000US33005970600","Census Tract 9706, Cheshire County, New Hampshire"
"3292","219","524","97","95","55","36","17","17","18","24","18","16","14","11","11","35","24","21","15","31","18","11","11","29","16","56","31","37","24","23","28","75","35","7","10","2768","182","1400000US33005970700","Census Tract 9707, Cheshire County, New Hampshire"
"4252","224","880","132","67","42","20","18","47","27","54","37","12","14","51","32","77","48","43","29","59","36","75","45","43","36","70","42","56","37","36","35","138","61","32","22","3372","191","1400000US33005970800","Census Tract 9708, Cheshire County, New Hampshire"
"7002","144","1236","252","100","87","102","84","82","73","34","39","28","35","98","88","69","77","0","16","52","50","74","74","50","48","30","34","88","69","30","46","306","158","93","68","5766","298","1400000US33005970900","Census Tract 9709, Cheshire County, New Hampshire"
"5073","308","1087","184","26","40","83","59","75","59","25","33","116","68","60","46","0","16","93","51","115","95","42","48","58","52","57","55","122","84","79","71","59","64","77","85","3986","252","1400000US33005971000","Census Tract 9710, Cheshire County, New Hampshire"
"4930","418","1232","341","123","106","14","22","0","16","23","36","20","28","75","56","95","64","34","38","27","42","70","63","16","26","0","16","50","49","16","29","566","284","103","70","3698","361","1400000US33005971100","Census Tract 9711, Cheshire County, New Hampshire"
"3090","248","744","144","44","41","11","17","39","40","18","21","26","26","31","39","41","42","27","21","28","18","19","18","53","33","52","35","22","21","85","64","190","83","58","35","2346","239","1400000US33005971300","Census Tract 9713, Cheshire County, New Hampshire"
"5518","449","3543","421","10","15","21","26","0","16","33","27","22","24","0","16","36","52","33","27","27","24","46","30","9","13","38","39","0","16","5","10","3203","415","60","47","1975","206","1400000US33005971401","Census Tract 9714.01, Cheshire County, New Hampshire"
"3804","223","829","145","73","47","53","32","74","39","33","29","39","30","53","29","18","20","31","28","56","36","57","48","30","37","18","21","60","38","36","36","139","93","59","46","2975","210","1400000US33005971402","Census Tract 9714.02, Cheshire County, New Hampshire"
"5040","331","1109","210","4","6","42","31","127","72","97","78","52","32","66","44","94","42","68","40","115","80","49","35","70","40","42","29","28","26","14","17","167","128","74","50","3931","286","1400000US33005971500","Census Tract 9715, Cheshire County, New Hampshire"
"3911","17","842","206","112","120","48","43","43","39","39","37","32","30","61","44","31","26","63","49","30","32","31","30","64","49","27","27","84","69","27","28","150","95","0","11","3069","209","1400000US33005971600","Census Tract 9716, Cheshire County, New Hampshire"
"3943","129","801","244","110","77","29","37","22","27","63","55","61","39","84","59","94","65","15","26","52","63","52","64","63","67","18","28","0","11","18","27","113","79","7","11","3142","264","1400000US33005971700","Census Tract 9717, Cheshire County, New Hampshire"
"2022","182","245","73","12","19","22","19","16","19","9","10","22","17","6","7","46","33","20","30","8","7","15","18","11","9","3","6","3","4","22","16","26","17","4","5","1777","144","1400000US33007950100","Census Tract 9501, Coos County, New Hampshire"
"2510","133","445","92","7","9","33","24","24","27","20","18","51","28","24","15","31","20","37","41","26","16","11","11","28","26","13","13","14","11","31","25","85","49","10","11","2065","118","1400000US33007950200","Census Tract 9502, Coos County, New Hampshire"
"1850","115","343","55","11","8","7","7","43","22","18","11","7","6","16","11","30","17","32","21","8","8","18","13","34","19","16","8","18","9","17","12","61","32","7","6","1507","96","1400000US33007950300","Census Tract 9503, Coos County, New Hampshire"
"3437","219","704","118","48","28","12","11","37","34","71","33","26","20","30","17","35","28","61","29","27","18","28","28","59","29","60","26","51","26","40","20","106","37","13","10","2733","151","1400000US33007950400","Census Tract 9504, Coos County, New Hampshire"
"3189","78","682","124","22","25","41","32","18","20","12","18","33","32","23","24","59","57","42","32","30","29","64","45","45","30","86","43","43","32","26","25","125","71","13","21","2507","174","1400000US33007950500","Census Tract 9505, Coos County, New Hampshire"
"4631","327","851","194","12","19","44","53","20","23","44","33","17","21","40","42","11","17","82","110","11","19","49","37","31","41","60","46","45","42","145","80","217","121","23","25","3780","281","1400000US33007950600","Census Tract 9506, Coos County, New Hampshire"
"3066","282","557","197","37","39","45","51","15","23","0","11","41","64","41","51","26","32","0","11","53","49","118","87","15","23","32","42","56","56","25","27","53","57","0","11","2509","198","1400000US33007950700","Census Tract 9507, Coos County, New Hampshire"
"2250","284","284","105","54","53","0","11","13","21","51","44","10","17","15","21","0","11","14","26","0","11","23","31","9","16","14","23","16","17","12","18","53","48","0","11","1966","243","1400000US33007950800","Census Tract 9508, Coos County, New Hampshire"
"3020","67","555","97","28","23","15","16","30","29","27","29","23","20","11","11","30","21","64","36","31","22","30","25","42","30","28","20","39","22","17","17","130","68","10","13","2465","118","1400000US33007950900","Census Tract 9509, Coos County, New Hampshire"
"1952","187","326","109","26","16","10","13","10","11","16","15","32","21","27","18","13","11","9","9","19","17","11","11","3","4","8","7","13","13","44","62","75","41","10","9","1626","147","1400000US33007951000","Census Tract 9510, Coos County, New Hampshire"
"3053","191","580","123","30","28","22","17","2","4","20","19","9","14","48","37","44","47","41","25","53","27","12","12","55","29","51","27","3","5","20","19","113","57","57","44","2473","148","1400000US33007951100","Census Tract 9511, Coos County, New Hampshire"
"5696","125","876","442","89","97","62","57","47","57","25","43","26","42","79","83","16","26","95","102","19","34","106","103","0","16","0","16","63","59","0","16","197","151","52","51","4820","386","1400000US33009960100","Census Tract 9601, Grafton County, New Hampshire"
"4237","244","689","118","24","13","32","17","5","7","31","24","28","17","20","19","36","27","74","32","30","29","45","20","34","21","22","15","62","30","41","32","172","79","33","21","3548","202","1400000US33009960200","Census Tract 9602, Grafton County, New Hampshire"
"4973","255","935","117","86","30","71","27","54","27","56","25","28","18","58","27","40","24","53","32","41","19","52","21","38","16","81","34","67","32","50","22","102","49","58","46","4038","220","1400000US33009960300","Census Tract 9603, Grafton County, New Hampshire"
"3576","210","670","127","30","32","59","50","59","53","10","12","21","21","41","32","27","22","26","24","42","35","6","9","44","28","43","29","33","25","54","37","143","56","32","29","2906","206","1400000US33009960400","Census Tract 9604, Grafton County, New Hampshire"
"2411","276","374","125","11","10","30","27","8","7","31","40","11","15","26","14","29","27","15","11","38","25","8","6","13","9","16","10","13","9","16","11","77","39","32","31","2037","219","1400000US33009960500","Census Tract 9605, Grafton County, New Hampshire"
"4484","73","959","129","107","90","21","31","66","58","24","36","85","74","50","47","26","33","20","31","41","41","62","57","34","36","39","37","109","70","61","54","126","82","88","86","3525","153","1400000US33009960600","Census Tract 9606, Grafton County, New Hampshire"
"3139","348","588","117","45","19","24","16","14","9","43","21","16","15","26","15","18","11","20","15","40","25","16","10","31","13","26","13","34","20","31","23","141","62","63","29","2551","323","1400000US33009960700","Census Tract 9607, Grafton County, New Hampshire"
"4782","274","920","338","8","11","29","32","18","18","22","18","13","14","41","34","0","11","90","59","16","15","48","42","42","45","74","47","47","42","97","91","293","226","82","72","3862","379","1400000US33009960800","Census Tract 9608, Grafton County, New Hampshire"
"3178","214","648","87","67","29","32","20","46","25","20","16","39","19","27","17","40","18","54","21","33","16","28","13","37","24","36","18","31","24","45","24","76","29","37","23","2530","186","1400000US33009960900","Census Tract 9609, Grafton County, New Hampshire"
"6717","55","2510","293","14","27","0","16","98","102","76","67","183","142","105","88","34","53","89","82","110","91","0","16","31","49","21","34","51","61","136","112","1461","216","101","92","4207","284","1400000US33009961000","Census Tract 9610, Grafton County, New Hampshire"
"4065","335","913","194","0","11","41","30","49","24","70","47","19","16","52","35","36","30","87","58","47","32","31","30","77","51","46","27","53","41","42","33","210","109","53","35","3152","269","1400000US33009961100","Census Tract 9611, Grafton County, New Hampshire"
"4176","242","717","175","46","39","55","53","24","24","68","43","62","56","30","21","15","22","45","43","48","42","35","31","36","27","37","23","10","14","19","20","152","80","35","37","3459","214","1400000US33009961200","Census Tract 9612, Grafton County, New Hampshire"
"3503","235","598","68","31","23","20","21","42","21","22","14","28","17","25","14","11","10","36","14","45","20","14","11","63","26","24","15","59","30","51","26","93","39","34","25","2905","218","1400000US33009961300","Census Tract 9613, Grafton County, New Hampshire"
"3859","67","800","151","32","30","0","11","11","17","51","41","36","28","102","104","37","33","85","68","39","39","64","57","47","43","41","37","42","46","28","30","170","112","15","20","3059","164","1400000US33009961400","Census Tract 9614, Grafton County, New Hampshire"
"4407","95","576","258","46","55","10","19","36","37","55","60","15","24","50","47","76","79","0","11","114","85","19","30","0","11","0","11","30","39","7","14","59","55","59","48","3831","205","1400000US33009961500","Census Tract 9615, Grafton County, New Hampshire"
"2916","364","768","142","31","30","58","44","33","26","32","34","91","62","75","45","43","32","30","27","55","47","21","22","48","29","43","33","17","20","30","35","51","48","110","123","2148","268","1400000US33009961601","Census Tract 9616.01, Grafton County, New Hampshire"
"8420","376","5275","424","41","36","69","49","36","35","36","37","40","40","22","30","43","38","31","29","71","52","130","103","7","15","121","96","64","46","40","38","3934","374","590","259","3145","370","1400000US33009961602","Census Tract 9616.02, Grafton County, New Hampshire"
"7484","401","1529","323","160","98","106","62","45","49","91","73","43","46","21","24","59","74","126","83","22","35","37","36","57","44","25","29","56","44","28","42","162","105","491","172","5955","475","1400000US33009961700","Census Tract 9617, Grafton County, New Hampshire"
"5616","371","1163","320","80","56","58","66","14","24","48","42","50","59","80","70","16","25","64","38","21","29","16","25","42","43","40","35","60","54","129","89","265","169","180","123","4453","360","1400000US33009961800","Census Tract 9618, Grafton County, New Hampshire"
"2894","220","704","217","15","18","7","12","40","29","63","44","34","28","75","66","23","22","39","36","92","71","25","27","77","64","34","40","24","30","46","45","90","68","20","23","2190","156","1400000US33011000101","Census Tract 1.01, Hillsborough County, New Hampshire"
"5030","332","1864","308","63","54","29","28","43","31","46","46","28","25","22","25","69","58","21","34","70","50","35","42","14","22","24","38","26","30","42","46","894","189","438","208","3166","202","1400000US33011000102","Census Tract 1.02, Hillsborough County, New Hampshire"
"2365","188","629","140","95","51","48","43","48","35","0","11","46","37","16","22","47","41","32","32","9","16","53","43","28","27","35","31","26","25","47","39","64","43","35","25","1736","178","1400000US33011000202","Census Tract 2.02, Hillsborough County, New Hampshire"
"3273","314","476","138","0","11","42","39","0","11","59","60","0","11","10","16","18","19","29","36","0","11","10","16","20","23","0","11","9","15","0","11","194","91","85","55","2797","248","1400000US33011000203","Census Tract 2.03, Hillsborough County, New Hampshire"
"5100","443","863","213","81","55","68","62","13","21","51","47","114","82","17","27","0","16","0","16","22","34","17","29","17","27","0","16","60","75","0","16","251","112","152","116","4237","434","1400000US33011000204","Census Tract 2.04, Hillsborough County, New Hampshire"
"2876","263","506","180","62","76","0","11","0","11","64","65","8","16","55","61","7","11","19","29","50","61","0","11","27","25","54","51","0","11","30","30","85","64","45","36","2370","272","1400000US33011000300","Census Tract 3, Hillsborough County, New Hampshire"
"2156","240","260","95","10","13","7","11","5","9","43","41","4","7","11","16","0","11","36","43","7","10","4","9","4","9","9","18","9","9","0","11","26","29","85","55","1896","239","1400000US33011000600","Census Tract 6, Hillsborough County, New Hampshire"
"2815","191","590","186","18","29","15","23","15","17","25","36","42","37","8","13","31","30","7","12","18","20","12","20","17","20","53","54","47","38","7","9","169","129","106","99","2225","181","1400000US33011000700","Census Tract 7, Hillsborough County, New Hampshire"
"2169","208","472","111","30","30","17","20","8","12","30","22","17","17","30","32","34","27","14","13","5","10","18","27","15","15","0","11","65","52","15","16","93","48","81","54","1697","172","1400000US33011000800","Census Tract 8, Hillsborough County, New Hampshire"
"3342","245","773","168","10","17","84","57","0","11","59","53","11","18","3","7","80","50","13","20","69","60","16","22","45","39","38","58","38","47","71","58","127","80","109","68","2569","245","1400000US33011000901","Census Tract 9.01, Hillsborough County, New Hampshire"
"5585","518","1465","450","33","39","105","95","40","46","133","117","115","89","36","46","144","116","12","22","71","104","0","16","114","101","62","65","91","97","46","61","391","250","72","95","4120","400","1400000US33011000902","Census Tract 9.02, Hillsborough County, New Hampshire"
"5980","358","1467","226","80","47","79","68","107","62","82","54","76","58","44","40","27","24","107","73","111","72","44","44","52","42","49","50","31","35","148","108","339","152","91","72","4513","322","1400000US33011001000","Census Tract 10, Hillsborough County, New Hampshire"
"5191","368","1126","225","108","61","16","23","48","45","100","54","0","16","18","26","17","27","91","92","0","16","35","32","103","65","61","49","86","85","104","64","251","125","88","81","4065","315","1400000US33011001100","Census Tract 11, Hillsborough County, New Hampshire"
"1792","179","305","101","30","24","4","11","17","17","10","13","12","14","0","11","0","11","11","14","0","11","35","24","48","60","38","33","17","17","15","20","44","27","24","22","1487","187","1400000US33011001200","Census Tract 12, Hillsborough County, New Hampshire"
"2927","269","549","147","36","40","32","35","18","21","35","29","10","16","7","11","6","11","32","34","5","10","85","69","36","42","9","15","19","21","51","47","146","70","22","27","2378","215","1400000US33011001300","Census Tract 13, Hillsborough County, New Hampshire"
"2162","253","467","144","36","33","39","35","31","35","29","20","18","22","67","46","35","32","24","23","19","23","18","25","15","17","3","9","32","29","23","24","72","39","6","10","1695","186","1400000US33011001400","Census Tract 14, Hillsborough County, New Hampshire"
"2992","315","876","178","20","22","80","47","35","34","25","26","78","39","59","39","65","44","113","46","41","34","64","31","68","43","50","36","53","38","17","25","87","49","21","25","2116","234","1400000US33011001500","Census Tract 15, Hillsborough County, New Hampshire"
"4266","438","834","279","52","50","52","52","62","58","19","29","29","46","39","46","71","63","11","17","46","51","41","45","45","42","10","18","36","30","125","124","166","84","30","27","3432","434","1400000US33011001600","Census Tract 16, Hillsborough County, New Hampshire"
"2015","243","504","178","37","41","12","20","16","23","7","14","30","32","92","64","37","42","45","43","25","30","14","23","20","29","15","18","10","13","15","18","129","83","0","11","1511","187","1400000US33011001700","Census Tract 17, Hillsborough County, New Hampshire"
"5856","451","1555","375","178","147","87","56","132","84","70","71","77","80","38","38","151","122","31","37","71","58","44","69","107","80","124","105","73","79","29","30","241","154","102","94","4301","316","1400000US33011001800","Census Tract 18, Hillsborough County, New Hampshire"
"3526","488","656","259","104","83","5","18","49","61","36","43","0","11","25","39","33","39","37","46","21","21","21","28","59","45","36","48","11","19","15","30","49","53","155","176","2870","407","1400000US33011001900","Census Tract 19, Hillsborough County, New Hampshire"
"2137","279","462","138","38","31","22","24","18","23","24","28","36","30","20","20","17","18","51","36","46","31","20","28","0","11","0","11","24","28","63","46","83","56","0","11","1675","193","1400000US33011002000","Census Tract 20, Hillsborough County, New Hampshire"
"5111","454","1431","245","115","89","114","75","38","33","64","43","87","56","57","49","93","80","63","36","92","66","103","83","83","63","51","57","125","93","27","25","231","96","88","54","3680","319","1400000US33011002100","Census Tract 21, Hillsborough County, New Hampshire"
"3126","302","752","228","50","41","35","38","20","30","23","36","56","60","45","64","78","65","39","61","30","34","20","31","22","25","0","11","93","72","75","85","113","99","53","34","2374","238","1400000US33011002200","Census Tract 22, Hillsborough County, New Hampshire"
"3701","412","818","248","40","35","81","67","29","27","62","49","37","31","89","69","60","46","16","18","12","19","12","18","67","51","22","25","34","41","52","52","175","102","30","29","2883","303","1400000US33011002300","Census Tract 23, Hillsborough County, New Hampshire"
"6619","398","1445","295","42","39","87","64","70","53","117","65","65","52","92","75","192","107","48","43","30","35","100","63","73","56","81","82","32","38","12","22","334","159","70","58","5174","316","1400000US33011002400","Census Tract 24, Hillsborough County, New Hampshire"
"4626","612","901","358","24","29","8","18","68","85","11","19","11","18","22","28","98","89","54","86","39","42","37","59","10","18","55","74","97","93","30","35","337","176","0","11","3725","397","1400000US33011002500","Census Tract 25, Hillsborough County, New Hampshire"
"5426","231","1376","234","75","83","27","30","73","69","70","68","10","18","90","49","190","72","124","59","68","61","96","51","38","35","98","64","47","40","0","16","354","176","16","26","4050","240","1400000US33011002600","Census Tract 26, Hillsborough County, New Hampshire"
"3430","211","716","126","92","58","27","26","17","21","15","21","25","24","33","26","72","56","50","41","59","37","12","17","43","39","49","36","0","11","35","33","148","71","39","33","2714","199","1400000US33011002701","Census Tract 27.01, Hillsborough County, New Hampshire"
"5820","361","1324","277","79","54","60","53","38","38","36","41","48","38","32","36","140","86","20","22","108","81","148","64","57","45","112","70","75","73","54","36","197","94","120","141","4496","301","1400000US33011002702","Census Tract 27.02, Hillsborough County, New Hampshire"
"8213","411","3300","372","120","113","36","40","87","58","19","31","90","89","77","59","103","69","58","52","137","98","62","49","130","85","151","98","127","101","176","103","1891","235","36","34","4913","317","1400000US33011002800","Census Tract 28, Hillsborough County, New Hampshire"
"7607","351","2049","303","125","83","38","45","58","49","171","89","103","62","200","124","124","63","126","79","207","118","164","93","99","65","89","58","141","95","57","59","260","150","87","56","5558","333","1400000US33011002901","Census Tract 29.01, Hillsborough County, New Hampshire"
"6125","262","1188","180","162","81","27","42","52","54","27","42","104","75","88","66","51","52","28","43","81","62","76","64","116","89","76","67","67","59","71","64","125","75","37","45","4937","271","1400000US33011002902","Census Tract 29.02, Hillsborough County, New Hampshire"
"8157","384","2531","348","237","112","60","44","155","72","79","51","136","80","112","66","98","64","276","153","181","74","175","109","166","91","218","96","61","48","218","120","240","115","119","71","5626","278","1400000US33011002903","Census Tract 29.03, Hillsborough County, New Hampshire"
"5050","253","849","160","35","39","27","26","108","60","34","32","70","48","24","26","15","23","90","43","24","27","56","43","38","32","59","44","22","28","59","48","177","83","11","17","4201","197","1400000US33011010100","Census Tract 101, Hillsborough County, New Hampshire"
"7187","390","1618","274","49","48","71","74","58","66","78","81","107","85","60","60","72","67","17","28","74","67","51","45","0","16","119","96","117","74","86","73","490","120","169","87","5569","281","1400000US33011010200","Census Tract 102, Hillsborough County, New Hampshire"
"4478","350","941","165","46","48","26","40","22","25","65","46","32","28","49","44","22","23","115","48","31","27","84","39","48","34","63","36","52","32","145","90","124","78","17","19","3537","277","1400000US33011010301","Census Tract 103.01, Hillsborough County, New Hampshire"
"4270","246","879","157","21","25","35","36","80","63","27","31","61","64","50","49","46","44","23","28","58","44","35","34","5","9","132","124","9","15","38","33","142","64","117","65","3391","202","1400000US33011010302","Census Tract 103.02, Hillsborough County, New Hampshire"
"5087","530","1386","365","90","64","23","35","136","99","107","86","146","112","0","16","192","108","65","57","41","61","95","98","62","65","73","77","40","45","122","81","181","114","13","21","3701","284","1400000US33011010400","Census Tract 104, Hillsborough County, New Hampshire"
"3968","385","987","228","36","32","39","29","56","61","70","54","37","48","72","66","36","27","83","67","36","32","81","74","42","45","12","23","38","45","32","32","262","122","55","37","2981","357","1400000US33011010500","Census Tract 105, Hillsborough County, New Hampshire"
"5338","481","1302","377","210","163","0","16","128","92","86","83","41","61","73","79","22","28","49","66","35","33","70","69","111","96","61","74","33","39","124","80","259","154","0","16","4036","354","1400000US33011010600","Census Tract 106, Hillsborough County, New Hampshire"
"1522","158","176","87","20","26","0","11","0","11","0","11","0","11","0","11","26","19","0","11","0","11","33","28","13","16","6","12","11","17","10","13","50","34","7","10","1346","151","1400000US33011010700","Census Tract 107, Hillsborough County, New Hampshire"
"7556","563","1860","303","127","94","125","85","118","94","129","95","102","81","98","103","58","67","181","138","98","86","124","107","0","16","150","116","115","78","79","60","344","135","12","19","5696","502","1400000US33011010800","Census Tract 108, Hillsborough County, New Hampshire"
"6331","421","1701","347","115","72","200","102","150","137","175","127","50","39","100","96","131","100","98","71","0","16","118","95","70","70","79","62","81","76","93","69","178","114","63","55","4630","316","1400000US33011010900","Census Tract 109, Hillsborough County, New Hampshire"
"4842","332","1258","274","42","27","56","51","64","55","36","26","59","47","45","30","40","29","59","57","77","55","31","34","13","16","63","58","13","20","76","64","546","187","38","34","3584","196","1400000US33011011000","Census Tract 110, Hillsborough County, New Hampshire"
"3323","261","535","186","20","24","36","34","19","22","18","20","28","29","10","17","9","13","0","11","37","51","17","30","7","11","58","47","52","72","21","25","99","57","104","67","2788","217","1400000US33011011101","Census Tract 111.01, Hillsborough County, New Hampshire"
"3343","302","705","204","34","41","10","17","57","48","46","48","20","27","7","11","22","24","72","67","0","11","0","11","0","11","0","11","0","11","22","26","142","77","273","174","2638","214","1400000US33011011102","Census Tract 111.02, Hillsborough County, New Hampshire"
"6997","377","1569","276","93","71","48","34","26","30","59","42","76","49","25","26","180","73","72","52","84","68","150","91","66","46","72","53","129","135","82","67","190","109","217","118","5428","271","1400000US33011011200","Census Tract 112, Hillsborough County, New Hampshire"
"4319","295","709","135","81","37","50","33","63","54","32","25","62","44","9","14","94","61","17","20","0","11","43","34","0","11","47","49","28","26","28","25","91","42","64","38","3610","251","1400000US33011011300","Census Tract 113, Hillsborough County, New Hampshire"
"5204","357","943","185","59","50","71","60","31","34","69","41","54","49","73","54","71","77","51","43","62","75","111","55","53","46","13","23","38","42","10","17","137","88","40","45","4261","297","1400000US33011011401","Census Tract 114.01, Hillsborough County, New Hampshire"
"4749","230","1125","160","165","78","45","35","44","28","22","25","60","33","32","31","56","34","52","39","52","50","122","71","58","39","62","48","50","33","31","30","219","76","55","35","3624","186","1400000US33011011402","Census Tract 114.02, Hillsborough County, New Hampshire"
"2316","135","327","77","33","26","0","11","0","11","11","17","21","23","24","23","0","11","0","11","33","29","11","17","28","28","62","48","24","24","0","11","45","32","35","34","1989","121","1400000US33011011500","Census Tract 115, Hillsborough County, New Hampshire"
"8207","393","1611","205","56","49","71","61","27","30","56","67","80","71","34","41","162","98","103","85","103","78","109","98","34","35","181","102","146","97","95","76","234","116","120","74","6596","339","1400000US33011012100","Census Tract 121, Hillsborough County, New Hampshire"
"7370","336","1641","275","29","26","157","99","51","47","33","43","88","68","86","56","67","63","84","59","67","54","270","128","67","68","15","24","129","100","112","84","287","149","99","73","5729","337","1400000US33011012200","Census Tract 122, Hillsborough County, New Hampshire"
"9184","439","2500","382","183","90","63","53","110","66","134","84","115","72","125","71","152","83","96","60","86","54","122","79","170","95","202","91","89","62","228","122","580","261","45","38","6684","344","1400000US33011012300","Census Tract 123, Hillsborough County, New Hampshire"
"8347","94","2227","231","118","69","80","70","106","87","109","66","100","63","62","52","38","42","154","85","130","80","73","51","189","85","167","81","222","109","117","79","523","177","39","44","6120","221","1400000US33011013100","Census Tract 131, Hillsborough County, New Hampshire"
"5848","285","1532","283","64","46","33","39","76","51","15","23","63","64","63","52","79","80","91","59","65","59","60","68","87","61","105","70","90","102","71","62","457","159","113","80","4316","220","1400000US33011014100","Census Tract 141, Hillsborough County, New Hampshire"
"5610","246","1635","212","67","50","89","52","140","92","55","44","77","69","109","81","79","50","114","67","49","38","97","74","105","63","63","48","21","34","180","100","260","114","130","62","3975","204","1400000US33011014201","Census Tract 142.01, Hillsborough County, New Hampshire"
"6113","256","1656","202","104","62","166","80","37","36","58","73","62","50","56","61","87","69","143","79","152","97","59","64","120","66","136","66","103","64","120","68","172","78","81","51","4457","231","1400000US33011014202","Census Tract 142.02, Hillsborough County, New Hampshire"
"7810","265","1946","240","101","88","95","72","129","99","77","65","124","96","21","33","261","115","166","109","98","73","81","67","90","85","57","52","185","146","103","70","334","138","24","31","5864","239","1400000US33011014300","Census Tract 143, Hillsborough County, New Hampshire"
"5060","237","1403","195","84","42","123","69","122","59","31","33","51","36","61","49","62","45","141","62","18","21","101","46","91","55","16","19","195","60","22","23","201","91","84","55","3657","193","1400000US33011015100","Census Tract 151, Hillsborough County, New Hampshire"
"5787","276","1378","221","127","81","54","48","31","45","124","93","60","49","28","42","116","85","52","43","86","62","83","61","97","61","47","47","79","54","100","67","247","122","47","44","4409","238","1400000US33011015200","Census Tract 152, Hillsborough County, New Hampshire"
"3301","240","891","142","34","30","69","71","28","31","54","51","51","40","41","40","34","32","50","40","45","35","41","38","119","63","48","58","32","32","70","44","64","49","111","80","2410","212","1400000US33011016100","Census Tract 161, Hillsborough County, New Hampshire"
"6807","402","1764","340","272","162","13","21","83","79","26","43","127","102","65","76","91","113","83","91","27","47","21","35","53","61","42","50","141","142","70","73","407","224","243","128","5043","360","1400000US33011016201","Census Tract 162.01, Hillsborough County, New Hampshire"
"5108","307","1513","179","34","30","35","42","72","46","100","64","25","29","101","67","75","45","158","77","110","61","100","59","127","70","71","50","95","59","150","69","205","89","55","39","3595","206","1400000US33011016202","Census Tract 162.02, Hillsborough County, New Hampshire"
"7769","122","1839","238","55","58","32","50","27","42","41","39","113","80","102","73","151","93","151","79","102","58","108","74","192","108","60","43","221","104","185","95","180","94","119","72","5930","188","1400000US33011017100","Census Tract 171, Hillsborough County, New Hampshire"
"5168","84","1485","120","76","63","125","72","21","24","165","71","81","47","135","54","100","51","36","22","146","66","63","31","54","36","114","51","63","36","120","62","144","64","42","32","3683","112","1400000US33011018000","Census Tract 180, Hillsborough County, New Hampshire"
"2019","285","388","138","51","53","0","11","27","33","34","36","16","15","0","11","20","18","8","12","29","22","20","18","31","30","15","13","15","16","40","35","60","34","22","35","1631","215","1400000US33011018501","Census Tract 185.01, Hillsborough County, New Hampshire"
"1450","96","264","47","13","12","38","21","23","10","7","7","0","11","18","11","5","7","7","7","4","6","18","11","22","13","28","18","10","9","27","15","40","22","4","5","1186","70","1400000US33011018502","Census Tract 185.02, Hillsborough County, New Hampshire"
"3643","69","722","163","31","31","57","34","49","34","13","18","73","36","52","43","14","22","7","12","11","17","0","11","28","33","50","60","26","28","53","59","180","96","78","46","2921","159","1400000US33011019000","Census Tract 190, Hillsborough County, New Hampshire"
"1651","126","293","66","5","6","17","17","5","6","28","21","5","6","10","12","2","3","11","10","12","12","17","10","10","8","24","15","6","8","36","20","88","32","17","19","1358","106","1400000US33011019501","Census Tract 195.01, Hillsborough County, New Hampshire"
"2485","36","610","82","25","15","21","16","16","14","20","20","15","13","37","22","11","11","63","29","28","26","49","29","41","22","51","22","53","23","20","15","155","67","5","7","1875","78","1400000US33011019502","Census Tract 195.02, Hillsborough County, New Hampshire"
"5574","57","1476","169","119","62","91","55","92","54","82","60","92","54","46","38","89","59","85","51","43","35","114","61","53","52","117","84","85","53","148","82","123","51","97","56","4098","149","1400000US33011020000","Census Tract 200, Hillsborough County, New Hampshire"
"8731","216","2525","348","116","113","96","71","87","60","116","83","92","59","161","156","181","126","143","63","69","55","155","101","144","96","98","58","175","124","292","123","424","174","176","103","6206","302","1400000US33011021000","Census Tract 210, Hillsborough County, New Hampshire"
"4872","223","1039","142","68","29","33","18","48","24","41","26","35","26","94","36","65","26","90","41","45","24","75","28","55","25","40","22","77","35","59","32","138","41","76","37","3833","176","1400000US33011021500","Census Tract 215, Hillsborough County, New Hampshire"
"1886","133","404","72","48","26","11","9","14","10","26","14","28","25","33","22","29","16","16","9","31","20","21","12","30","16","19","14","17","11","11","9","66","35","4","6","1482","121","1400000US33011022000","Census Tract 220, Hillsborough County, New Hampshire"
"6764","283","1575","218","143","66","101","60","66","53","63","51","121","62","47","32","61","36","84","60","68","52","66","45","62","45","125","68","41","41","158","78","311","127","58","49","5189","243","1400000US33011022500","Census Tract 225, Hillsborough County, New Hampshire"
"6547","71","1297","233","103","107","33","30","19","27","49","53","40","45","74","89","119","75","142","85","38","42","85","66","60","47","74","51","100","67","121","73","130","94","110","64","5250","247","1400000US33011023000","Census Tract 230, Hillsborough County, New Hampshire"
"1723","109","278","51","9","9","9","9","8","6","4","7","20","10","18","12","10","9","27","14","30","14","31","15","17","12","24","15","28","25","18","19","20","13","5","7","1445","103","1400000US33011024000","Census Tract 240, Hillsborough County, New Hampshire"
"2629","37","648","105","49","34","36","28","44","29","41","24","40","26","35","29","26","21","29","21","31","18","16","14","18","21","35","25","57","57","41","29","122","44","28","22","1981","104","1400000US33011025000","Census Tract 250, Hillsborough County, New Hampshire"
"6064","135","1509","349","21","42","66","65","84","101","80","67","71","94","60","57","172","127","21","26","50","54","228","185","124","97","110","76","139","70","31","37","214","140","38","45","4555","338","1400000US33011025500","Census Tract 255, Hillsborough County, New Hampshire"
"4791","285","1206","225","50","43","48","53","9","15","53","39","108","61","39","30","138","78","26","20","53","53","51","31","59","35","151","89","93","60","135","100","163","72","30","29","3585","206","1400000US33011200100","Census Tract 2001, Hillsborough County, New Hampshire"
"4315","230","1017","113","61","42","73","46","24","34","83","71","68","49","76","51","154","67","69","43","23","28","54","41","32","33","110","71","0","11","26","21","112","61","52","38","3298","204","1400000US33011200200","Census Tract 2002, Hillsborough County, New Hampshire"
"4383","230","1034","152","82","48","32","31","54","43","41","42","67","41","38","30","44","31","59","45","47","35","101","53","31","25","75","46","55","37","37","36","137","73","134","62","3349","202","1400000US33011200300","Census Tract 2003, Hillsborough County, New Hampshire"
"2945","346","542","189","32","52","59","57","30","49","0","11","0","11","12","20","11","18","11","18","23","25","13","19","0","11","11","18","0","11","11","17","193","94","136","94","2403","316","1400000US33011200400","Census Tract 2004, Hillsborough County, New Hampshire"
"0","11","0","11","0","11","0","11","0","11","0","11","0","11","0","11","0","11","0","11","0","11","0","11","0","11","0","11","0","11","0","11","0","11","0","11","0","11","1400000US33011980101","Census Tract 9801.01, Hillsborough County, New Hampshire"
"4126","239","1181","174","112","69","7","13","28","26","23","26","55","36","27","26","50","49","51","36","51","36","40","36","53","41","29","31","23","25","44","38","566","136","22","24","2945","208","1400000US33013003001","Census Tract 30.01, Merrimack County, New Hampshire"
"3768","206","1247","172","66","53","51","38","18","18","31","26","10","15","47","36","39","39","10","17","40","35","35","29","47","28","100","53","43","37","47","36","557","124","106","60","2521","144","1400000US33013003006","Census Tract 30.06, Merrimack County, New Hampshire"
"4236","94","779","138","62","58","45","31","14","19","35","37","16","14","29","28","104","77","59","43","24","17","73","49","59","42","56","38","35","28","7","9","118","66","43","34","3457","139","1400000US33013003100","Census Tract 31, Merrimack County, New Hampshire"
"7028","91","1693","252","226","119","24","32","137","98","24","29","155","96","127","110","58","54","66","56","129","97","81","62","49","46","146","91","110","69","131","115","194","134","36","38","5335","243","1400000US33013003200","Census Tract 32, Merrimack County, New Hampshire"
"2777","38","885","85","60","43","33","21","76","49","37","19","39","34","69","40","42","35","70","30","27","16","73","38","15","11","56","31","50","24","29","18","150","48","59","46","1892","83","1400000US33013030000","Census Tract 300, Merrimack County, New Hampshire"
"3822","207","1195","224","111","55","42","30","41","33","44","33","68","40","82","44","43","30","36","32","60","44","67","37","55","42","125","54","54","42","77","46","255","167","35","42","2627","164","1400000US33013031001","Census Tract 310.01, Merrimack County, New Hampshire"
"3832","215","1132","149","173","71","31","28","115","52","48","41","69","45","53","34","52","39","59","40","23","25","24","26","47","52","101","50","56","49","122","58","106","62","53","43","2700","132","1400000US33013031002","Census Tract 310.02, Merrimack County, New Hampshire"
"3528","240","691","163","54","40","56","40","27","26","17","24","51","36","26","27","22","26","27","35","12","20","35","32","22","24","68","48","15","23","58","41","124","71","77","45","2837","213","1400000US33013032100","Census Tract 321, Merrimack County, New Hampshire"
"2454","231","621","157","11","20","19","23","58","52","0","11","69","41","0","11","12","19","43","43","18","24","0","11","9","15","10","15","92","63","60","68","126","66","94","69","1833","203","1400000US33013032200","Census Tract 322, Merrimack County, New Hampshire"
"1623","149","281","91","25","25","15","15","29","19","15","10","0","11","24","17","5","8","11","11","0","11","0","11","13","13","10","12","11","11","18","16","55","29","50","50","1342","159","1400000US33013032300","Census Tract 323, Merrimack County, New Hampshire"
"3266","232","950","167","19","21","63","39","28","24","35","31","27","28","28","22","17","20","8","16","31","37","34","38","0","11","25","27","27","32","26","27","526","151","56","38","2316","207","1400000US33013032400","Census Tract 324, Merrimack County, New Hampshire"
"3612","465","767","235","20","25","73","73","23","25","76","57","15","20","48","32","38","37","79","56","29","25","19","20","27","26","100","56","24","23","57","39","116","72","23","29","2845","452","1400000US33013032500","Census Tract 325, Merrimack County, New Hampshire"
"4018","291","663","139","35","57","17","23","5","10","46","41","45","42","0","11","49","68","37","37","0","11","32","21","40","30","64","37","45","29","103","64","91","52","54","65","3355","258","1400000US33013032600","Census Tract 326, Merrimack County, New Hampshire"
"1445","162","331","85","7","10","5","7","19","17","6","9","26","20","19","16","14","12","19","16","21","15","30","28","38","22","62","41","4","6","26","19","28","24","7","11","1114","119","1400000US33013032701","Census Tract 327.01, Merrimack County, New Hampshire"
"3893","231","975","149","58","37","71","53","30","30","68","36","28","32","28","27","38","28","45","48","38","38","57","54","81","56","41","37","84","50","43","49","206","68","59","39","2918","230","1400000US33013032706","Census Tract 327.06, Merrimack County, New Hampshire"
"5060","380","1109","174","70","56","90","59","49","38","16","26","127","62","0","16","117","80","0","16","38","41","33","28","78","62","46","45","110","93","78","84","257","118","0","16","3951","367","1400000US33013032800","Census Tract 328, Merrimack County, New Hampshire"
"4734","340","1082","248","69","78","40","44","106","61","19","31","68","47","26","32","16","25","12","22","19","27","31","42","197","169","47","61","22","38","112","96","298","125","0","11","3652","267","1400000US33013032900","Census Tract 329, Merrimack County, New Hampshire"
"2540","55","492","71","19","19","14","12","13","14","41","40","29","23","23","24","26","20","44","27","18","16","49","28","26","20","46","25","6","9","28","19","87","41","23","21","2048","61","1400000US33013033000","Census Tract 330, Merrimack County, New Hampshire"
"4535","96","1054","206","31","46","40","33","92","68","11","15","76","41","27","30","89","54","46","36","59","44","28","30","26","27","77","50","43","35","105","70","222","108","82","61","3481","173","1400000US33013034000","Census Tract 340, Merrimack County, New Hampshire"
"3954","188","901","137","16","27","74","105","38","46","40","51","57","54","24","31","150","95","88","61","108","79","29","44","56","61","95","67","24","29","62","64","12","20","28","30","3053","191","1400000US33013035000","Census Tract 350, Merrimack County, New Hampshire"
"5399","98","947","216","12","26","27","31","17","27","0","16","0","16","13","23","153","107","0","16","90","77","83","71","88","75","31","35","182","125","0","16","213","161","38","60","4452","209","1400000US33013036000","Census Tract 360, Merrimack County, New Hampshire"
"2321","146","524","81","58","36","33","32","17","17","17","18","32","22","9","12","0","11","20","20","5","7","15","18","14","15","33","17","39","28","44","22","173","68","15","14","1797","132","1400000US33013037000","Census Tract 370, Merrimack County, New Hampshire"
"3876","75","759","121","58","58","12","19","75","60","30","34","15","23","80","53","51","60","69","44","62","78","26","24","37","35","65","64","32","31","24","29","123","62","0","11","3117","114","1400000US33013038000","Census Tract 380, Merrimack County, New Hampshire"
"4562","197","920","124","69","38","22","19","72","26","27","18","37","19","39","28","69","29","40","25","55","34","43","29","43","26","46","24","48","30","40","23","232","64","38","23","3642","183","1400000US33013038500","Census Tract 385, Merrimack County, New Hampshire"
"5575","72","1198","170","205","98","140","76","106","59","14","24","0","16","75","57","99","57","58","50","66","56","17","29","93","70","33","40","25","39","19","30","190","93","58","44","4377","188","1400000US33013039000","Census Tract 390, Merrimack County, New Hampshire"
"4846","89","1549","231","114","84","40","45","36","39","33","38","52","50","13","18","81","55","77","60","65","54","33","38","8","12","40","39","19","27","70","58","783","230","85","55","3297","230","1400000US33013040000","Census Tract 400, Merrimack County, New Hampshire"
"5475","255","1189","152","62","38","74","35","55","28","53","32","48","28","64","32","74","33","46","27","49","25","78","37","103","37","85","33","113","47","78","36","153","53","54","25","4286","187","1400000US33013040500","Census Tract 405, Merrimack County, New Hampshire"
"4273","70","1428","226","43","35","15","17","41","33","56","38","0","11","15","23","71","46","26","30","53","40","32","34","37","32","0","11","7","12","45","41","971","170","16","22","2845","225","1400000US33013041000","Census Tract 410, Merrimack County, New Hampshire"
"3576","209","614","102","45","27","51","28","54","34","39","15","28","21","45","29","40","17","24","16","21","12","10","8","29","17","48","27","47","20","42","28","55","23","36","20","2962","179","1400000US33013041500","Census Tract 415, Merrimack County, New Hampshire"
"4136","279","1079","219","26","30","65","58","41","26","76","37","26","16","30","22","51","26","40","25","39","19","77","34","48","27","142","62","46","29","89","73","217","68","66","35","3057","202","1400000US33013042500","Census Tract 425, Merrimack County, New Hampshire"
"3913","295","746","192","0","11","13","20","72","78","10","16","46","49","11","18","73","56","25","27","33","32","67","53","71","51","79","81","30","36","61","46","136","85","19","21","3167","239","1400000US33013043001","Census Tract 430.01, Merrimack County, New Hampshire"
"4555","298","982","231","57","51","71","53","131","80","35","36","39","37","60","60","89","70","44","41","51","59","42","39","15","25","62","60","12","19","47","55","119","68","108","80","3573","281","1400000US33013043002","Census Tract 430.02, Merrimack County, New Hampshire"
"4684","117","1058","147","152","81","68","50","50","34","63","49","57","57","60","46","49","38","44","47","36","36","60","48","53","50","59","47","78","61","46","43","130","84","53","53","3626","135","1400000US33013044000","Census Tract 440, Merrimack County, New Hampshire"
"3742","263","827","224","75","45","16","25","43","42","63","50","48","55","82","54","16","26","31","29","59","49","27","30","79","87","66","43","22","26","59","57","126","83","15","16","2915","217","1400000US33013044100","Census Tract 441, Merrimack County, New Hampshire"
"6038","296","1662","441","30","47","103","97","71","69","39","50","124","73","16","26","117","80","86","74","107","72","159","96","0","16","120","65","101","67","77","72","507","418","5","9","4376","375","1400000US33013044200","Census Tract 442, Merrimack County, New Hampshire"
"4454","262","974","177","58","40","44","36","63","48","52","45","31","27","73","70","45","38","20","25","90","66","72","59","0","11","77","76","13","17","43","31","173","72","120","75","3480","201","1400000US33013044300","Census Tract 443, Merrimack County, New Hampshire"
"4306","236","1033","142","77","44","9","15","56","33","52","42","69","32","88","54","58","34","51","29","64","43","17","17","100","54","62","34","45","38","60","48","200","93","25","25","3273","205","1400000US33015003301","Census Tract 33.01, Rockingham County, New Hampshire"
"4820","293","1141","205","17","20","56","43","29","29","117","80","56","38","44","48","51","54","44","56","46","34","33","33","103","65","68","68","102","81","80","52","208","90","87","46","3679","257","1400000US33015003302","Census Tract 33.02, Rockingham County, New Hampshire"
"5133","359","1082","234","38","42","21","25","108","93","35","33","9","16","50","45","37","61","26","36","29","33","133","91","37","32","97","87","45","45","193","129","203","101","21","22","4051","368","1400000US33015003400","Census Tract 34, Rockingham County, New Hampshire"
"5608","455","1367","254","114","88","109","96","89","66","72","105","96","74","82","84","214","145","80","85","53","55","72","87","0","16","16","26","71","63","42","48","205","120","52","63","4241","317","1400000US33015003500","Census Tract 35, Rockingham County, New Hampshire"
"6519","403","1368","303","69","70","81","65","0","16","48","73","110","87","77","69","0","16","57","87","75","71","67","78","115","67","182","94","69","58","120","104","228","133","70","55","5151","346","1400000US33015003601","Census Tract 36.01, Rockingham County, New Hampshire"
"6017","355","1705","269","61","43","57","45","19","28","73","67","99","69","64","44","119","73","82","63","131","90","129","80","76","72","65","63","106","70","131","89","372","154","121","73","4312","277","1400000US33015003602","Census Tract 36.02, Rockingham County, New Hampshire"
"3925","236","918","175","21","20","14","17","19","22","47","45","20","21","27","18","14","17","43","37","46","35","72","49","104","54","57","56","50","31","72","43","243","96","69","59","3007","219","1400000US33015003701","Census Tract 37.01, Rockingham County, New Hampshire"
"5400","313","1421","210","167","83","86","62","122","91","62","54","19","23","73","50","8","13","65","49","34","42","64","35","49","43","120","72","80","51","158","76","253","106","61","66","3979","257","1400000US33015003703","Census Tract 37.03, Rockingham County, New Hampshire"
"4009","187","1181","168","116","74","31","25","47","34","115","108","30","26","39","53","98","65","24","28","34","32","53","38","69","52","62","45","102","61","50","37","234","130","77","75","2828","147","1400000US33015003801","Census Tract 38.01, Rockingham County, New Hampshire"
"4238","192","1137","145","69","43","23","21","66","37","25","19","94","51","40","27","59","56","40","33","99","57","32","27","109","49","45","30","83","41","109","52","233","107","11","17","3101","169","1400000US33015003802","Census Tract 38.02, Rockingham County, New Hampshire"
"4278","249","1006","176","61","38","56","49","35","31","49","48","81","75","28","30","82","57","69","50","33","33","7","11","142","55","58","50","58","39","60","55","136","84","51","48","3272","221","1400000US33015003901","Census Tract 39.01, Rockingham County, New Hampshire"
"3315","212","1003","130","60","54","46","37","9","15","42","29","7","12","56","47","75","44","54","34","67","57","31","38","78","53","69","44","76","49","63","41","208","77","62","39","2312","193","1400000US33015003902","Census Tract 39.02, Rockingham County, New Hampshire"
"5262","83","1228","192","112","56","104","50","38","34","49","32","28","29","40","35","12","18","50","32","47","35","58","45","81","52","76","64","108","49","67","47","302","154","56","45","4034","167","1400000US33015004000","Census Tract 40, Rockingham County, New Hampshire"
"3813","72","666","136","47","35","15","23","15","22","13","19","6","13","40","35","112","67","46","45","0","11","38","33","89","62","21","24","15","23","30","34","137","75","42","33","3147","129","1400000US33015050000","Census Tract 500, Rockingham County, New Hampshire"
"5033","44","1280","156","213","82","42","34","104","54","19","23","46","31","91","67","63","53","72","41","69","40","49","36","30","27","79","45","88","43","62","45","162","74","91","71","3753","149","1400000US33015051000","Census Tract 510, Rockingham County, New Hampshire"
"6070","120","1357","177","78","75","39","44","43","52","144","197","52","56","82","71","70","74","129","58","0","16","102","73","19","30","87","59","133","136","164","122","215","102","0","16","4713","159","1400000US33015052000","Census Tract 520, Rockingham County, New Hampshire"
"4436","61","1042","144","35","30","8","13","10","16","124","57","31","29","22","29","52","37","85","48","104","44","30","27","59","38","124","86","88","67","96","55","148","71","26","31","3394","149","1400000US33015053000","Census Tract 530, Rockingham County, New Hampshire"
"4553","71","914","121","87","57","38","36","76","62","73","60","27","24","61","57","76","42","63","42","25","29","30","31","43","39","37","34","70","47","27","27","169","78","12","18","3639","113","1400000US33015054000","Census Tract 540, Rockingham County, New Hampshire"
"5981","289","1336","316","0","16","11","19","85","82","140","93","32","30","101","68","34","38","78","82","165","118","100","80","117","82","117","89","129","78","45","50","114","80","68","60","4645","307","1400000US33015055001","Census Tract 550.01, Rockingham County, New Hampshire"
"4079","291","948","189","28","30","38","31","3","10","53","32","23","30","44","35","41","30","64","37","28","28","66","63","68","50","37","43","45","36","10","16","252","125","148","115","3131","264","1400000US33015055002","Census Tract 550.02, Rockingham County, New Hampshire"
"4388","63","1006","124","82","50","7","12","56","44","23","25","38","32","38","33","42","31","67","53","23","26","40","30","94","51","86","54","121","61","70","46","166","73","53","44","3382","120","1400000US33015056000","Census Tract 560, Rockingham County, New Hampshire"
"4217","65","960","204","48","34","21","22","25","25","143","42","35","30","39","34","38","30","32","28","67","45","26","22","28","33","16","19","40","30","44","36","302","194","56","52","3257","172","1400000US33015057000","Census Tract 570, Rockingham County, New Hampshire"
"4893","83","1150","174","89","44","36","34","63","44","31","28","34","25","152","68","32","26","58","33","41","31","29","26","100","55","27","23","88","64","158","64","195","70","17","18","3743","148","1400000US33015058000","Census Tract 580, Rockingham County, New Hampshire"
"6672","110","1244","217","103","57","127","97","71","54","193","104","95","93","23","35","0","16","70","56","25","31","58","65","32","37","50","46","0","16","157","117","168","109","72","55","5428","216","1400000US33015059000","Census Tract 590, Rockingham County, New Hampshire"
"4432","92","1017","108","65","38","73","41","76","47","26","24","44","36","91","44","73","43","46","33","105","50","38","33","22","33","62","41","111","66","91","63","74","44","20","22","3415","116","1400000US33015060000","Census Tract 600, Rockingham County, New Hampshire"
"6658","289","1671","198","127","64","73","56","78","48","36","39","152","75","44","42","74","51","64","46","168","78","97","76","106","60","72","59","111","61","124","70","209","94","136","84","4987","278","1400000US33015061001","Census Tract 610.01, Rockingham County, New Hampshire"
"2420","193","620","85","31","21","20","18","16","24","33","22","25","18","21","14","50","25","26","19","62","26","9","11","54","32","18","21","89","59","43","27","94","44","29","31","1800","138","1400000US33015062000","Census Tract 620, Rockingham County, New Hampshire"
"2968","147","669","73","67","21","12","8","30","16","19","11","17","11","15","10","43","26","49","30","42","15","36","19","45","19","47","19","35","24","58","23","122","47","32","16","2299","123","1400000US33015062500","Census Tract 625, Rockingham County, New Hampshire"
"3776","267","644","112","33","32","38","62","18","26","88","62","0","11","74","69","16","27","0","11","35","36","101","76","43","41","11","17","0","11","23","26","154","80","10","16","3132","282","1400000US33015063001","Census Tract 630.01, Rockingham County, New Hampshire"
"4888","279","774","213","0","11","21","31","35","45","116","73","103","80","69","46","48","44","0","11","82","52","17","23","12","18","24","29","70","71","85","72","92","60","0","11","4114","240","1400000US33015063002","Census Tract 630.02, Rockingham County, New Hampshire"
"2366","161","504","90","49","30","24","17","24","18","31","30","38","23","43","26","29","18","41","21","32","20","34","19","5","9","40","31","10","11","41","34","57","36","6","8","1862","150","1400000US33015064000","Census Tract 640, Rockingham County, New Hampshire"
"7687","289","1483","195","88","62","149","62","51","45","81","57","115","86","57","51","117","69","95","53","63","51","72","52","48","46","84","54","16","27","89","65","277","127","81","47","6204","246","1400000US33015065001","Census Tract 650.01, Rockingham County, New Hampshire"
"2585","227","449","121","0","11","24","26","8","13","10","12","40","48","22","20","20","16","47","49","16","15","56","42","50","39","63","38","31","26","27","30","27","31","8","12","2136","182","1400000US33015065005","Census Tract 650.05, Rockingham County, New Hampshire"
"1508","121","241","56","4","6","0","11","7","12","0","11","7","12","14","16","28","28","11","13","24","22","6","10","34","28","0","11","19","30","40","32","29","37","18","18","1267","110","1400000US33015065006","Census Tract 650.06, Rockingham County, New Hampshire"
"1522","129","212","55","4","6","14","20","8","9","8","10","9","9","7","9","18","24","20","15","16","13","4","8","19","13","0","11","11","13","17","17","38","35","19","19","1310","118","1400000US33015065007","Census Tract 650.07, Rockingham County, New Hampshire"
"1917","261","358","139","0","11","27","31","0","11","19","24","39","34","39","55","0","11","13","19","8","14","5","7","37","29","44","55","23","31","46","58","44","35","14","21","1559","204","1400000US33015065008","Census Tract 650.08, Rockingham County, New Hampshire"
"4387","51","891","203","21","22","27","25","24","25","38","40","54","49","39","34","52","59","75","68","109","51","26","39","68","38","29","27","30","29","102","56","128","77","69","49","3496","204","1400000US33015066000","Census Tract 660, Rockingham County, New Hampshire"
"7282","107","1829","195","194","90","102","56","22","35","127","88","67","53","100","68","216","85","122","80","87","54","132","81","114","90","109","81","120","92","126","90","172","101","19","31","5453","157","1400000US33015067000","Census Tract 670, Rockingham County, New Hampshire"
"7070","306","1691","268","162","90","80","50","96","53","23","14","70","51","121","66","50","38","150","81","154","73","55","40","125","66","95","70","48","33","91","51","300","206","71","61","5379","260","1400000US33015067501","Census Tract 675.01, Rockingham County, New Hampshire"
"3415","268","671","215","10","17","0","11","0","11","0","11","47","51","12","18","13","21","0","11","43","38","22","26","12","18","57","47","11","18","44","47","222","94","178","97","2744","233","1400000US33015067502","Census Tract 675.02, Rockingham County, New Hampshire"
"4310","236","642","145","51","42","11","17","57","39","11","16","19","23","7","14","30","28","16","24","57","46","70","34","0","11","33","30","45","37","58","41","118","101","59","64","3668","253","1400000US33015069100","Census Tract 691, Rockingham County, New Hampshire"
"2729","224","368","101","0","11","15","19","14","19","14","19","8","12","14","19","27","24","0","11","15","22","39","26","24","31","21","22","8","11","0","11","91","63","78","47","2361","226","1400000US33015069200","Census Tract 692, Rockingham County, New Hampshire"
"2046","190","387","118","94","95","21","19","0","11","12","13","17","20","0","11","6","11","29","27","0","11","28","26","29","32","14","18","0","11","0","11","32","30","105","59","1659","132","1400000US33015069300","Census Tract 693, Rockingham County, New Hampshire"
"3184","221","595","117","36","35","0","11","35","27","14","24","24","23","30","24","10","15","38","22","42","32","38","29","40","42","50","35","47","42","36","27","95","55","60","32","2589","205","1400000US33015069700","Census Tract 697, Rockingham County, New Hampshire"
"5381","75","948","164","117","73","89","67","60","53","15","25","61","50","33","27","30","36","62","57","40","39","43","47","19","31","62","48","47","43","38","43","154","76","78","59","4433","163","1400000US33015071000","Census Tract 710, Rockingham County, New Hampshire"
"6040","436","1150","234","80","63","141","104","19","34","69","61","30","39","22","33","38","51","49","58","128","67","0","16","82","63","35","41","140","70","69","74","193","103","55","53","4890","372","1400000US33015100100","Census Tract 1001, Rockingham County, New Hampshire"
"5647","264","1284","223","78","83","34","53","78","71","196","128","56","50","0","16","47","51","135","65","16","29","26","40","23","29","124","90","16","24","90","83","320","118","45","50","4363","290","1400000US33015100200","Census Tract 1002, Rockingham County, New Hampshire"
"4292","262","973","159","62","53","10","16","21","24","40","36","21","25","9","15","52","38","42","30","51","36","19","23","47","36","105","61","28","28","50","45","351","165","65","48","3319","222","1400000US33015100301","Census Tract 1003.01, Rockingham County, New Hampshire"
"4675","299","852","175","56","41","40","52","103","42","56","53","40","37","0","11","53","41","69","41","7","12","75","56","58","40","51","43","13","20","22","24","114","59","95","73","3823","262","1400000US33015100302","Census Tract 1003.02, Rockingham County, New Hampshire"
"7746","492","1467","312","151","84","24","27","88","54","62","45","53","43","80","53","37","41","37","36","77","58","60","46","93","59","84","49","132","78","113","89","321","184","55","50","6279","447","1400000US33015100400","Census Tract 1004, Rockingham County, New Hampshire"
"7503","107","1615","266","30","37","69","58","100","84","55","51","131","86","21","28","66","56","119","85","141","112","26","30","42","48","168","101","36","39","177","102","240","120","194","116","5888","237","1400000US33015101100","Census Tract 1011, Rockingham County, New Hampshire"
"4783","70","1026","174","22","24","37","30","18","20","83","46","34","27","50","42","46","31","77","39","57","30","119","69","49","35","40","30","53","34","67","51","213","130","61","44","3757","165","1400000US33015102100","Census Tract 1021, Rockingham County, New Hampshire"
"6823","94","1592","238","85","60","49","58","96","86","60","54","140","107","85","68","83","68","34","53","74","59","101","77","86","65","23","35","246","97","83","60","310","132","37","40","5231","218","1400000US33015103100","Census Tract 1031, Rockingham County, New Hampshire"
"4443","167","939","247","53","49","0","11","48","52","31","30","59","51","34","38","89","64","34","41","59","39","87","55","83","95","60","48","71","57","19","28","167","96","45","39","3504","188","1400000US33015104101","Census Tract 1041.01, Rockingham County, New Hampshire"
"3889","183","998","144","29","22","32","31","36","30","15","23","35","31","70","46","79","65","63","49","111","63","48","40","90","50","139","77","15","17","36","36","110","61","90","47","2891","164","1400000US33015104102","Census Tract 1041.02, Rockingham County, New Hampshire"
"6246","37","1237","301","19","27","57","64","81","80","129","84","103","93","26","40","34","36","36","39","85","64","63","58","31","47","0","16","155","111","48","51","257","158","113","89","5009","302","1400000US33015105100","Census Tract 1051, Rockingham County, New Hampshire"
"7342","344","1995","213","89","55","142","74","99","94","130","71","176","79","67","48","143","76","215","114","98","60","181","96","70","45","206","104","67","62","38","43","151","64","123","90","5347","316","1400000US33015106101","Census Tract 1061.01, Rockingham County, New Hampshire"
"6774","343","1951","258","167","102","14","22","151","75","102","67","197","82","85","47","130","65","120","73","99","56","123","70","116","74","85","59","61","53","98","54","266","137","137","79","4823","284","1400000US33015106102","Census Tract 1061.02, Rockingham County, New Hampshire"
"3910","248","718","159","55","42","32","32","10","15","11","19","25","40","20","25","33","41","65","52","43","34","41","36","48","43","46","37","57","51","34","27","130","63","68","77","3192","249","1400000US33015106200","Census Tract 1062, Rockingham County, New Hampshire"
"4184","256","815","137","60","45","14","22","88","71","74","46","14","23","40","37","42","35","53","39","66","58","71","46","22","24","21","23","22","27","24","28","96","60","108","76","3369","229","1400000US33015106400","Census Tract 1064, Rockingham County, New Hampshire"
"2518","194","557","138","7","14","35","29","7","11","30","28","45","69","95","70","8","12","18","25","26","25","57","49","17","25","34","26","60","43","44","38","51","33","23","19","1961","187","1400000US33015107100","Census Tract 1071, Rockingham County, New Hampshire"
"6272","263","1331","209","134","77","90","67","94","71","29","34","77","57","78","65","32","38","31","36","65","66","34","34","41","38","34","35","22","27","80","68","353","143","137","90","4941","276","1400000US33015107200","Census Tract 1072, Rockingham County, New Hampshire"
"1059","83","201","44","22","17","4","7","12","11","11","12","12","10","6","10","4","6","9","9","12","12","13","20","13","10","0","11","15","12","6","9","42","21","20","17","858","77","1400000US33015107400","Census Tract 1074, Rockingham County, New Hampshire"
"4637","93","1066","138","129","56","58","35","54","34","72","40","94","40","54","36","80","42","47","26","31","24","98","53","64","44","42","41","47","27","30","26","119","61","47","34","3571","146","1400000US33015107500","Census Tract 1075, Rockingham County, New Hampshire"
"0","11","0","11","0","11","0","11","0","11","0","11","0","11","0","11","0","11","0","11","0","11","0","11","0","11","0","11","0","11","0","11","0","11","0","11","0","11","1400000US33015980011","Census Tract 9800.11, Rockingham County, New Hampshire"
"0","11","0","11","0","11","0","11","0","11","0","11","0","11","0","11","0","11","0","11","0","11","0","11","0","11","0","11","0","11","0","11","0","11","0","11","0","11","1400000US33015990000","Census Tract 9900, Rockingham County, New Hampshire"
"2718","297","860","258","37","31","36","34","13","18","36","30","28","30","22","24","44","29","30","29","29","32","46","35","17","20","31","26","39","33","39","27","375","249","38","31","1858","192","1400000US33017080100","Census Tract 801, Strafford County, New Hampshire"
"2604","284","1257","295","33","24","34","35","9","13","10","23","12","15","81","54","5","13","13","21","41","44","39","32","32","32","19","29","10","16","38","37","825","315","56","53","1347","181","1400000US33017080202","Census Tract 802.02, Strafford County, New Hampshire"
"5934","321","5324","316","17","12","12","11","7","10","8","10","29","19","0","16","4","6","9","12","0","16","10","12","6","8","0","16","0","16","0","16","4975","311","247","84","610","80","1400000US33017080203","Census Tract 802.03, Strafford County, New Hampshire"
"5081","399","4543","381","0","16","4","7","0","16","0","16","35","47","23","10","7","8","9","10","34","47","13","12","0","16","0","16","8","9","56","40","4315","383","39","31","538","112","1400000US33017080204","Census Tract 802.04, Strafford County, New Hampshire"
"6237","134","1519","202","94","66","117","71","41","37","47","41","61","50","142","91","95","68","84","35","65","49","140","68","68","34","76","58","40","21","84","70","216","124","149","85","4718","212","1400000US33017080500","Census Tract 805, Strafford County, New Hampshire"
"6657","405","1466","209","99","68","98","76","180","136","117","88","60","53","111","93","98","74","35","51","0","16","154","95","75","56","51","48","41","45","82","72","195","98","70","51","5191","392","1400000US33017081100","Census Tract 811, Strafford County, New Hampshire"
"4792","355","986","226","177","123","47","45","62","50","50","48","14","18","28","27","0","16","73","43","55","38","48","37","25","24","72","71","31","24","7","10","235","159","62","58","3806","310","1400000US33017081200","Census Tract 812, Strafford County, New Hampshire"
"4719","413","1024","261","97","66","66","62","85","62","15","26","66","62","36","40","0","11","47","50","94","104","27","33","0","11","13","19","0","11","10","27","264","132","204","119","3695","364","1400000US33017081300","Census Tract 813, Strafford County, New Hampshire"
"1936","153","419","115","8","12","5","9","15","16","14","16","9","11","36","36","5","10","11","12","16","16","10","12","35","27","25","20","23","16","22","19","69","39","116","83","1517","144","1400000US33017081400","Census Tract 814, Strafford County, New Hampshire"
"5379","400","876","216","32","44","52","49","34","43","7","17","0","16","72","56","1","3","24","38","26","41","45","51","11","20","1","4","69","68","29","33","267","155","206","108","4503","334","1400000US33017081500","Census Tract 815, Strafford County, New Hampshire"
"6723","404","1586","268","37","58","206","115","55","55","116","128","42","63","68","62","107","92","111","103","76","70","58","52","170","122","103","60","115","104","22","22","248","129","52","55","5137","378","1400000US33017081600","Census Tract 816, Strafford County, New Hampshire"
"2489","38","531","68","21","19","10","11","42","29","14","14","44","30","13","13","13","15","64","25","37","28","32","36","12","13","36","22","5","7","28","18","114","39","46","28","1958","63","1400000US33017082000","Census Tract 820, Strafford County, New Hampshire"
"6810","424","1301","236","177","135","26","41","76","60","67","68","19","32","109","77","60","69","54","58","171","107","46","42","60","56","118","64","97","64","105","63","116","66","0","16","5509","380","1400000US33017083001","Census Tract 830.01, Strafford County, New Hampshire"
"4729","427","952","213","74","66","49","51","49","58","0","11","43","47","80","71","93","60","29","43","54","46","37","46","43","45","42","32","38","38","68","58","97","67","156","87","3777","392","1400000US33017083002","Census Tract 830.02, Strafford County, New Hampshire"
"4777","347","1001","259","48","53","78","84","111","89","23","36","19","21","42","52","23","36","18","20","21","37","70","62","35","50","78","57","57","50","103","73","275","135","0","11","3776","266","1400000US33017084100","Census Tract 841, Strafford County, New Hampshire"
"7471","466","1715","289","84","69","96","64","33","39","103","92","159","94","39","44","15","25","43","46","57","65","289","102","104","66","144","71","46","41","61","51","402","178","40","47","5756","336","1400000US33017084200","Census Tract 842, Strafford County, New Hampshire"
"6710","515","1381","327","22","34","78","79","66","54","24","27","93","83","39","49","98","76","100","85","94","82","120","96","88","71","39","50","55","63","98","101","301","156","66","56","5329","494","1400000US33017084300","Census Tract 843, Strafford County, New Hampshire"
"4087","270","999","178","92","55","65","44","71","54","66","48","60","57","34","36","23","34","111","80","45","49","60","50","69","47","29","44","86","40","11","19","147","80","30","34","3088","219","1400000US33017084400","Census Tract 844, Strafford County, New Hampshire"
"4310","321","1224","194","94","68","55","49","57","43","30","29","148","56","33","32","86","55","73","59","54","70","64","56","131","79","47","41","76","47","79","59","175","80","22","23","3086","272","1400000US33017084500","Census Tract 845, Strafford County, New Hampshire"
"3022","321","586","147","25","34","0","11","29","39","30","40","22","34","33","37","43","38","0","11","113","110","30","37","35","37","42","43","34","30","45","46","92","59","13","20","2436","268","1400000US33017084600","Census Tract 846, Strafford County, New Hampshire"
"8827","158","2043","284","134","95","177","103","63","67","111","70","171","150","79","69","291","182","105","102","167","104","187","122","39","49","67","64","116","90","81","74","255","138","0","16","6784","262","1400000US33017085000","Census Tract 850, Strafford County, New Hampshire"
"3947","84","825","167","39","35","36","32","7","12","75","56","23","27","59","39","38","44","102","62","12","19","81","53","24","28","76","59","67","50","31","28","138","66","17","19","3122","165","1400000US33017086000","Census Tract 860, Strafford County, New Hampshire"
"6672","160","1288","243","24","42","89","74","110","107","37","47","17","27","54","64","20","31","79","64","94","59","158","94","24","37","143","70","129","102","102","76","186","113","22","38","5384","241","1400000US33017087000","Census Tract 870, Strafford County, New Hampshire"
"4528","60","703","152","31","47","54","48","63","50","49","49","41","33","9","18","18","20","31","28","29","30","55","42","46","49","81","50","42","35","39","32","86","63","29","27","3825","156","1400000US33017088000","Census Tract 880, Strafford County, New Hampshire"
"4354","168","1040","149","14","15","84","31","27","24","73","36","56","29","45","27","40","22","88","35","57","25","56","31","37","25","110","42","70","33","59","35","177","48","47","25","3314","157","1400000US33017088500","Census Tract 885, Strafford County, New Hampshire"
"4278","277","1088","224","23","15","38","22","29","21","33","19","38","22","72","46","62","39","62","35","85","41","80","38","40","43","47","38","32","30","136","95","271","63","40","27","3190","181","1400000US33019975100","Census Tract 9751, Sullivan County, New Hampshire"
"4866","300","991","158","43","38","73","70","23","22","63","42","5","6","44","35","11","10","119","53","89","60","54","32","48","42","110","76","69","44","60","41","128","72","52","63","3875","257","1400000US33019975200","Census Tract 9752, Sullivan County, New Hampshire"
"3342","66","724","122","39","36","71","58","0","11","71","59","26","22","31","24","36","47","54","56","30","31","45","45","30","29","56","56","53","38","46","32","100","48","36","30","2618","129","1400000US33019975300","Census Tract 9753, Sullivan County, New Hampshire"
"6306","55","1213","290","88","62","67","46","43","49","126","104","14","22","70","75","98","76","46","71","92","58","83","65","11","18","162","130","104","66","68","59","82","63","59","63","5093","294","1400000US33019975400","Census Tract 9754, Sullivan County, New Hampshire"
"2784","225","514","113","55","26","32","21","9","7","18","13","22","16","46","21","36","24","27","21","27","17","11","12","42","24","58","54","17","11","45","33","35","20","34","20","2270","203","1400000US33019975500","Census Tract 9755, Sullivan County, New Hampshire"
"3184","196","464","91","40","21","6","9","12","7","39","24","27","17","30","16","31","21","28","17","30","19","31","19","36","22","11","9","7","8","33","18","88","40","15","12","2720","187","1400000US33019975600","Census Tract 9756, Sullivan County, New Hampshire"
"4916","91","742","212","33","51","80","85","34","51","46","46","20","32","78","77","47","51","139","77","46","56","33","36","59","51","35","41","53","50","14","25","25","24","0","16","4174","221","1400000US33019975700","Census Tract 9757, Sullivan County, New Hampshire"
"4902","331","1001","173","94","68","56","47","9","15","29","30","80","75","119","72","57","47","113","76","56","50","20","23","98","86","86","56","29","43","42","45","104","78","9","20","3901","291","1400000US33019975800","Census Tract 9758, Sullivan County, New Hampshire"
"4350","380","687","197","13","23","57","59","8","16","68","75","56","56","29","36","0","11","71","62","33","38","31","38","8","15","35","40","119","79","28","35","98","109","33","53","3663","317","1400000US33019975901","Census Tract 9759.01, Sullivan County, New Hampshire"
"3253","341","666","166","105","90","0","11","75","51","93","81","13","19","6","10","44","34","68","45","9","15","46","36","45","44","41","42","41","42","0","11","34","31","46","68","2587","309","1400000US33019975902","Census Tract 9759.02, Sullivan County, New Hampshire"
"1310859","1000","306551","1860","18218","870","13454","732","13452","683","14007","702","14012","798","14148","750","16072","778","15741","742","14860","857","15965","656","14494","700","16804","794","16250","675","17441","795","73456","1573","18177","888","1004308","1879","0400000US33","New Hampshire"
